-- phpMyAdmin SQL Dump
-- version 5.0.2
-- https://www.phpmyadmin.net/
--
-- Servidor: 127.0.0.1:3306
-- Tiempo de generación: 29-01-2022 a las 01:16:12
-- Versión del servidor: 5.7.31
-- Versión de PHP: 7.4.9

SET SQL_MODE = "NO_AUTO_VALUE_ON_ZERO";
START TRANSACTION;
SET time_zone = "+00:00";


/*!40101 SET @OLD_CHARACTER_SET_CLIENT=@@CHARACTER_SET_CLIENT */;
/*!40101 SET @OLD_CHARACTER_SET_RESULTS=@@CHARACTER_SET_RESULTS */;
/*!40101 SET @OLD_COLLATION_CONNECTION=@@COLLATION_CONNECTION */;
/*!40101 SET NAMES utf8mb4 */;

--
-- Base de datos: `db-sf`
--

-- --------------------------------------------------------

--
-- Estructura de tabla para la tabla `audiencia`
--

DROP TABLE IF EXISTS `audiencia`;
CREATE TABLE IF NOT EXISTS `audiencia` (
  `id` int(11) NOT NULL AUTO_INCREMENT,
  `id_usuario` varchar(255) NOT NULL,
  `id_minuta` varchar(255) NOT NULL,
  `asistencia` varchar(255) NOT NULL,
  `estatus` varchar(255) NOT NULL,
  `observacion` varchar(1000) NOT NULL,
  PRIMARY KEY (`id`)
) ENGINE=MyISAM AUTO_INCREMENT=23423424 DEFAULT CHARSET=latin1;

--
-- Volcado de datos para la tabla `audiencia`
--

INSERT INTO `audiencia` (`id`, `id_usuario`, `id_minuta`, `asistencia`, `estatus`, `observacion`) VALUES
(2, '3', '1', '1', '', ''),
(1, '2', '1', '1', '', ''),
(3, '4', '1', '1', '', ''),
(4, '5', '1', '1', '1', ''),
(5, '6', '1', '1', '', ''),
(6, '7', '1', '1', '', ''),
(7, '8', '1', '1', '', ''),
(8, '10', '1', '1', '', ''),
(9, '11', '1', '1', '1', ''),
(10, '12', '1', '1', '', ''),
(11, '13', '1', '1', '1', ''),
(12, '14', '1', '1', '', ''),
(13, '15', '1', '1', '1', ''),
(14, '16', '1', '1', '1', ''),
(15, '17', '1', '1', '1', ''),
(16, '18', '1', '1', '1', ''),
(17, '19', '1', '1', '', ''),
(18, '20', '1', '1', '1', ''),
(19, '21', '1', '1', '', ''),
(20, '22', '1', '1', '', ''),
(21, '23', '1', '1', '1', ''),
(22, '24', '1', '1', '1', ''),
(23, '25', '1', '1', '1', ''),
(24, '9', '1', '0', '', ''),
(49, '2', '3', '1', '', ''),
(50, '3', '3', '1', '', ''),
(51, '4', '3', '1', '', ''),
(52, '5', '3', '1', '1', ''),
(53, '6', '3', '1', '', ''),
(54, '7', '3', '1', '', ''),
(55, '8', '3', '1', '', ''),
(56, '10', '3', '1', '', ''),
(57, '11', '3', '1', '1', ''),
(58, '12', '3', '1', '', ''),
(59, '13', '3', '1', '1', ''),
(60, '14', '3', '1', '', ''),
(61, '16', '3', '1', '1', ''),
(62, '17', '3', '1', '1', ''),
(63, '18', '3', '1', '1', ''),
(64, '19', '3', '1', '', ''),
(65, '20', '3', '1', '1', ''),
(66, '21', '3', '1', '1', ''),
(67, '23', '3', '1', '1', ''),
(68, '24', '3', '1', '1', ''),
(69, '25', '3', '1', '1', ''),
(70, '9', '3', '0', '', ''),
(71, '15', '3', '0', '', ''),
(72, '22', '3', '0', '', ''),
(73, '3', '4', '1', '', ''),
(74, '4', '4', '1', '', ''),
(75, '5', '4', '1', '1', ''),
(76, '6', '4', '1', '', ''),
(77, '7', '4', '1', '', ''),
(78, '8', '4', '1', '', ''),
(79, '10', '4', '1', '', ''),
(80, '11', '4', '1', '1', ''),
(81, '12', '4', '1', '', ''),
(82, '13', '4', '1', '1', ''),
(83, '14', '4', '1', '', ''),
(84, '16', '4', '1', '1', ''),
(85, '17', '4', '1', '1', ''),
(86, '18', '4', '1', '', ''),
(87, '19', '4', '1', '', ''),
(88, '20', '4', '1', '1', ''),
(89, '21', '4', '1', '1', ''),
(90, '22', '4', '1', '', ''),
(91, '23', '4', '1', '1', ''),
(92, '24', '4', '1', '1', ''),
(93, '25', '4', '1', '1', ''),
(94, '2', '4', '0', '', ''),
(95, '9', '4', '0', '', ''),
(96, '15', '4', '0', '', ''),
(97, '2', '5', '1', '', ''),
(98, '3', '5', '1', '', ''),
(99, '4', '5', '1', '', ''),
(100, '5', '5', '1', '1', ''),
(101, '6', '5', '1', '', ''),
(102, '7', '5', '1', '', ''),
(103, '8', '5', '1', '', ''),
(104, '10', '5', '1', '', ''),
(105, '11', '5', '1', '1', ''),
(106, '12', '5', '1', '', ''),
(107, '13', '5', '1', '1', ''),
(108, '14', '5', '1', '', ''),
(109, '16', '5', '1', '1', ''),
(110, '17', '5', '1', '1', ''),
(111, '18', '5', '1', '', ''),
(112, '19', '5', '1', '', ''),
(113, '20', '5', '1', '1', ''),
(114, '21', '5', '1', '1', ''),
(115, '23', '5', '1', '1', ''),
(116, '24', '5', '1', '1', ''),
(117, '25', '5', '1', '1', ''),
(118, '9', '5', '0', '', ''),
(119, '15', '5', '0', '', ''),
(120, '22', '5', '0', '', ''),
(121, '2', '6', '1', '', ''),
(122, '3', '6', '1', '', ''),
(123, '4', '6', '1', '', ''),
(124, '5', '6', '1', '1', ''),
(125, '6', '6', '1', '1', ''),
(126, '7', '6', '1', '', ''),
(127, '8', '6', '1', '', ''),
(128, '10', '6', '1', '', ''),
(129, '11', '6', '1', '1', ''),
(130, '12', '6', '1', '', ''),
(131, '13', '6', '1', '1', ''),
(132, '14', '6', '1', '', ''),
(133, '16', '6', '1', '1', ''),
(134, '17', '6', '1', '1', ''),
(135, '18', '6', '1', '1', ''),
(136, '19', '6', '1', '1', ''),
(137, '20', '6', '1', '1', ''),
(138, '21', '6', '1', '1', ''),
(139, '22', '6', '1', '', ''),
(140, '23', '6', '1', '1', ''),
(141, '24', '6', '1', '1', ''),
(142, '25', '6', '1', '1', ''),
(143, '9', '6', '0', '', ''),
(144, '15', '6', '0', '', ''),
(145, '2', '7', '1', '', ''),
(146, '4', '7', '1', '', ''),
(147, '5', '7', '1', '1', ''),
(148, '6', '7', '1', '1', ''),
(149, '7', '7', '1', '', ''),
(150, '8', '7', '1', '', ''),
(151, '10', '7', '1', '', ''),
(152, '11', '7', '1', '', ''),
(153, '12', '7', '1', '', ''),
(154, '13', '7', '1', '1', ''),
(155, '14', '7', '1', '', ''),
(156, '16', '7', '1', '1', ''),
(157, '17', '7', '1', '1', ''),
(158, '18', '7', '1', '1', ''),
(159, '19', '7', '1', '', ''),
(160, '20', '7', '1', '1', ''),
(161, '21', '7', '1', '1', ''),
(162, '22', '7', '1', '', ''),
(163, '23', '7', '1', '1', ''),
(164, '24', '7', '1', '1', ''),
(165, '25', '7', '1', '1', ''),
(166, '3', '7', '0', '', ''),
(167, '9', '7', '0', '', ''),
(168, '15', '7', '0', '', ''),
(169, '3', '8', '1', '', ''),
(170, '4', '8', '1', '', ''),
(171, '5', '8', '1', '1', ''),
(172, '6', '8', '1', '', ''),
(173, '7', '8', '1', '', ''),
(174, '8', '8', '1', '', ''),
(175, '10', '8', '1', '', ''),
(176, '12', '8', '1', '', ''),
(177, '13', '8', '1', '1', ''),
(178, '14', '8', '1', '', ''),
(179, '15', '8', '1', '1', ''),
(180, '16', '8', '1', '1', ''),
(181, '17', '8', '1', '1', ''),
(182, '18', '8', '1', '1', ''),
(183, '19', '8', '1', '', ''),
(184, '20', '8', '1', '1', ''),
(185, '21', '8', '1', '1', ''),
(186, '22', '8', '1', '', ''),
(187, '23', '8', '1', '1', ''),
(188, '24', '8', '1', '1', ''),
(189, '25', '8', '1', '1', ''),
(190, '2', '8', '0', '', ''),
(191, '9', '8', '0', '', ''),
(192, '11', '8', '0', '', ''),
(193, '2', '9', '1', '', ''),
(194, '4', '9', '1', '', ''),
(195, '5', '9', '1', '1', ''),
(196, '6', '9', '1', '', ''),
(197, '7', '9', '1', '', ''),
(198, '8', '9', '1', '', ''),
(199, '10', '9', '1', '', ''),
(200, '11', '9', '1', '1', ''),
(201, '12', '9', '1', '', ''),
(202, '13', '9', '1', '1', ''),
(203, '14', '9', '1', '', ''),
(204, '15', '9', '1', '1', ''),
(205, '16', '9', '1', '1', ''),
(206, '17', '9', '1', '1', ''),
(207, '18', '9', '1', '1', ''),
(208, '19', '9', '1', '', ''),
(209, '20', '9', '1', '1', ''),
(210, '21', '9', '1', '1', ''),
(211, '22', '9', '1', '', ''),
(212, '23', '9', '1', '1', ''),
(213, '24', '9', '1', '1', ''),
(214, '25', '9', '1', '1', ''),
(215, '3', '9', '0', '', ''),
(216, '9', '9', '0', '', ''),
(217, '2', '10', '1', '', ''),
(218, '4', '10', '1', '', ''),
(219, '5', '10', '1', '1', ''),
(220, '6', '10', '1', '1', ''),
(221, '8', '10', '1', '', ''),
(222, '10', '10', '1', '', ''),
(223, '11', '10', '1', '1', ''),
(224, '12', '10', '1', '', ''),
(225, '13', '10', '1', '1', ''),
(226, '14', '10', '1', '', ''),
(227, '15', '10', '1', '1', ''),
(228, '16', '10', '1', '1', ''),
(229, '17', '10', '1', '1', ''),
(230, '18', '10', '1', '1', ''),
(231, '19', '10', '1', '', ''),
(232, '20', '10', '1', '1', ''),
(233, '21', '10', '1', '1', ''),
(234, '22', '10', '1', '', ''),
(235, '23', '10', '1', '1', ''),
(236, '24', '10', '1', '1', ''),
(237, '25', '10', '1', '1', ''),
(238, '3', '10', '0', '', ''),
(239, '7', '10', '0', '', ''),
(240, '9', '10', '0', '', ''),
(241, '2', '11', '1', '', ''),
(242, '3', '11', '1', '', ''),
(243, '4', '11', '1', '', ''),
(244, '5', '11', '1', '1', ''),
(245, '6', '11', '1', '1', ''),
(246, '8', '11', '1', '', ''),
(247, '11', '11', '1', '1', ''),
(248, '12', '11', '1', '', ''),
(249, '13', '11', '1', '1', ''),
(250, '14', '11', '1', '', ''),
(251, '15', '11', '1', '1', ''),
(252, '16', '11', '1', '1', ''),
(253, '17', '11', '1', '1', ''),
(254, '18', '11', '1', '1', ''),
(255, '20', '11', '1', '1', ''),
(256, '21', '11', '1', '1', ''),
(257, '22', '11', '1', '', ''),
(258, '23', '11', '1', '1', ''),
(259, '24', '11', '1', '1', ''),
(260, '25', '11', '1', '1', ''),
(261, '7', '11', '0', '', ''),
(262, '9', '11', '0', '', ''),
(263, '10', '11', '0', '', ''),
(264, '19', '11', '0', '', ''),
(265, '3', '12', '1', '', ''),
(266, '4', '12', '1', '', ''),
(267, '5', '12', '1', '1', ''),
(268, '6', '12', '1', '1', ''),
(269, '7', '12', '1', '', ''),
(270, '8', '12', '1', '', ''),
(271, '10', '12', '1', '', ''),
(272, '12', '12', '1', '', ''),
(273, '13', '12', '1', '1', ''),
(274, '14', '12', '1', '', ''),
(275, '15', '12', '1', '1', ''),
(276, '16', '12', '1', '1', ''),
(277, '17', '12', '1', '1', ''),
(278, '18', '12', '1', '1', ''),
(279, '20', '12', '1', '1', ''),
(280, '21', '12', '1', '1', ''),
(281, '23', '12', '1', '1', ''),
(282, '24', '12', '1', '1', ''),
(283, '25', '12', '1', '1', ''),
(284, '2', '12', '0', '', ''),
(285, '9', '12', '0', '', ''),
(286, '11', '12', '0', '', ''),
(287, '19', '12', '0', '', ''),
(288, '22', '12', '0', '', ''),
(289, '2', '13', '1', '', ''),
(290, '4', '13', '1', '', ''),
(291, '5', '13', '1', '1', ''),
(292, '6', '13', '1', '1', ''),
(293, '7', '13', '1', '', ''),
(294, '8', '13', '1', '', ''),
(295, '10', '13', '1', '', ''),
(296, '11', '13', '1', '1', ''),
(297, '12', '13', '1', '', ''),
(298, '13', '13', '1', '1', ''),
(299, '14', '13', '1', '', ''),
(300, '15', '13', '1', '1', ''),
(301, '16', '13', '1', '1', ''),
(302, '17', '13', '1', '1', ''),
(303, '18', '13', '1', '1', ''),
(304, '19', '13', '1', '', ''),
(305, '20', '13', '1', '1', ''),
(306, '21', '13', '1', '1', ''),
(307, '22', '13', '1', '', ''),
(308, '23', '13', '1', '1', ''),
(309, '24', '13', '1', '1', ''),
(310, '25', '13', '1', '1', ''),
(311, '3', '13', '0', '', ''),
(312, '9', '13', '0', '', ''),
(313, '2', '14', '1', '', ''),
(314, '3', '14', '1', '', ''),
(315, '4', '14', '1', '', ''),
(316, '5', '14', '1', '1', ''),
(317, '6', '14', '1', '1', ''),
(318, '7', '14', '1', '', ''),
(319, '8', '14', '1', '', ''),
(320, '11', '14', '1', '1', ''),
(321, '12', '14', '1', '', ''),
(322, '13', '14', '1', '1', ''),
(323, '14', '14', '1', '', ''),
(324, '15', '14', '1', '1', ''),
(325, '16', '14', '1', '1', ''),
(326, '17', '14', '1', '', ''),
(327, '18', '14', '1', '1', ''),
(328, '19', '14', '1', '', ''),
(329, '20', '14', '1', '', ''),
(330, '21', '14', '1', '1', ''),
(331, '22', '14', '1', '', ''),
(332, '23', '14', '1', '1', ''),
(333, '24', '14', '1', '1', ''),
(334, '25', '14', '1', '1', ''),
(335, '9', '14', '0', '', ''),
(336, '10', '14', '0', '', ''),
(337, '2', '15', '1', '', ''),
(338, '3', '15', '1', '', ''),
(339, '4', '15', '1', '', ''),
(340, '5', '15', '1', '1', ''),
(341, '6', '15', '1', '', ''),
(342, '7', '15', '1', '', ''),
(343, '8', '15', '1', '', ''),
(344, '10', '15', '1', '', ''),
(345, '11', '15', '1', '', ''),
(346, '12', '15', '1', '', ''),
(347, '13', '15', '1', '1', ''),
(348, '14', '15', '1', '', ''),
(349, '15', '15', '1', '1', ''),
(350, '16', '15', '1', '1', ''),
(351, '17', '15', '1', '1', ''),
(352, '18', '15', '1', '1', ''),
(353, '19', '15', '1', '', ''),
(354, '21', '15', '1', '1', ''),
(355, '22', '15', '1', '', ''),
(356, '23', '15', '1', '1', ''),
(357, '24', '15', '1', '1', ''),
(358, '25', '15', '1', '1', ''),
(359, '9', '15', '0', '', ''),
(360, '20', '15', '0', '', ''),
(361, '2', '16', '1', '', ''),
(362, '3', '16', '1', '', ''),
(363, '4', '16', '1', '', ''),
(364, '5', '16', '1', '1', ''),
(365, '6', '16', '1', '1', ''),
(366, '7', '16', '1', '', ''),
(367, '8', '16', '1', '', ''),
(368, '10', '16', '1', '', ''),
(369, '11', '16', '1', '1', ''),
(370, '12', '16', '1', '', ''),
(371, '13', '16', '1', '1', ''),
(372, '14', '16', '1', '', ''),
(373, '15', '16', '1', '1', ''),
(374, '16', '16', '1', '1', ''),
(375, '17', '16', '1', '1', ''),
(376, '18', '16', '1', '1', ''),
(377, '19', '16', '1', '', ''),
(378, '20', '16', '1', '1', ''),
(379, '21', '16', '1', '1', ''),
(380, '22', '16', '1', '', ''),
(381, '23', '16', '1', '1', ''),
(382, '24', '16', '1', '1', ''),
(383, '25', '16', '1', '1', ''),
(384, '9', '16', '0', '', ''),
(385, '4', '17', '1', '', ''),
(386, '5', '17', '1', '1', ''),
(387, '6', '17', '1', '1', ''),
(388, '7', '17', '1', '', ''),
(389, '8', '17', '1', '', ''),
(390, '10', '17', '1', '', ''),
(391, '11', '17', '1', '1', ''),
(392, '12', '17', '1', '', ''),
(393, '13', '17', '1', '1', ''),
(394, '14', '17', '1', '', ''),
(395, '15', '17', '1', '', ''),
(396, '16', '17', '1', '1', ''),
(397, '17', '17', '1', '', ''),
(398, '18', '17', '1', '1', ''),
(399, '19', '17', '1', '', ''),
(400, '20', '17', '1', '1', ''),
(401, '21', '17', '1', '1', ''),
(402, '22', '17', '1', '', ''),
(403, '23', '17', '1', '1', ''),
(404, '24', '17', '1', '1', ''),
(405, '25', '17', '1', '1', ''),
(406, '2', '17', '0', '', ''),
(407, '3', '17', '0', '', ''),
(408, '9', '17', '0', '', ''),
(409, '3', '18', '1', '', ''),
(410, '4', '18', '1', '', ''),
(411, '6', '18', '1', '1', ''),
(412, '7', '18', '1', '', ''),
(413, '8', '18', '1', '', ''),
(414, '10', '18', '1', '', ''),
(415, '11', '18', '1', '1', ''),
(416, '12', '18', '1', '', ''),
(417, '13', '18', '1', '1', ''),
(418, '14', '18', '1', '', ''),
(419, '15', '18', '1', '', ''),
(420, '18', '18', '1', '1', ''),
(421, '19', '18', '1', '', ''),
(422, '20', '18', '1', '1', ''),
(423, '21', '18', '1', '1', ''),
(424, '22', '18', '1', '', ''),
(425, '23', '18', '1', '1', ''),
(426, '24', '18', '1', '1', ''),
(427, '25', '18', '1', '1', ''),
(428, '2', '18', '0', '', ''),
(429, '5', '18', '0', '', ''),
(430, '9', '18', '0', '', ''),
(431, '16', '18', '0', '', ''),
(432, '17', '18', '0', '', ''),
(433, '2', '19', '1', '', ''),
(434, '3', '19', '1', '', ''),
(435, '4', '19', '1', '', ''),
(436, '5', '19', '1', '1', ''),
(437, '6', '19', '1', '1', ''),
(438, '7', '19', '1', '', ''),
(439, '8', '19', '1', '', ''),
(440, '10', '19', '1', '', ''),
(441, '11', '19', '1', '1', ''),
(442, '12', '19', '1', '', ''),
(443, '13', '19', '1', '1', ''),
(444, '14', '19', '1', '', ''),
(445, '15', '19', '1', '1', ''),
(446, '16', '19', '1', '1', ''),
(447, '17', '19', '1', '', ''),
(448, '18', '19', '1', '1', ''),
(449, '19', '19', '1', '', ''),
(450, '20', '19', '1', '1', ''),
(451, '21', '19', '1', '1', ''),
(452, '22', '19', '1', '', ''),
(453, '23', '19', '1', '1', ''),
(454, '24', '19', '1', '1', ''),
(455, '25', '19', '1', '1', ''),
(456, '27', '19', '1', '', ''),
(457, '9', '19', '0', '', ''),
(458, '2', '20', '1', '', ''),
(459, '3', '20', '1', '', ''),
(460, '4', '20', '1', '', ''),
(461, '5', '20', '1', '1', ''),
(462, '6', '20', '1', '', ''),
(463, '7', '20', '1', '', ''),
(464, '8', '20', '1', '', ''),
(465, '10', '20', '1', '', ''),
(466, '11', '20', '1', '1', ''),
(467, '12', '20', '1', '', ''),
(468, '13', '20', '1', '1', ''),
(469, '14', '20', '1', '', ''),
(470, '15', '20', '1', '1', ''),
(471, '16', '20', '1', '1', ''),
(472, '17', '20', '1', '1', ''),
(473, '18', '20', '1', '1', ''),
(474, '19', '20', '1', '', ''),
(475, '20', '20', '1', '1', ''),
(476, '21', '20', '1', '1', ''),
(477, '22', '20', '1', '', ''),
(478, '23', '20', '1', '1', ''),
(479, '24', '20', '1', '1', ''),
(480, '25', '20', '1', '1', ''),
(481, '27', '20', '1', '', ''),
(482, '2', '21', '1', '', ''),
(483, '4', '21', '1', '', ''),
(484, '5', '21', '1', '', ''),
(485, '6', '21', '1', '1', ''),
(486, '7', '21', '1', '', ''),
(487, '8', '21', '1', '', ''),
(488, '10', '21', '1', '1', ''),
(489, '11', '21', '1', '1', ''),
(490, '12', '21', '1', '', ''),
(491, '13', '21', '1', '1', ''),
(492, '14', '21', '1', '', ''),
(493, '15', '21', '1', '1', ''),
(494, '16', '21', '1', '1', ''),
(495, '17', '21', '1', '1', ''),
(496, '18', '21', '1', '1', ''),
(497, '19', '21', '1', '', ''),
(498, '20', '21', '1', '1', ''),
(499, '21', '21', '1', '1', ''),
(500, '22', '21', '1', '', ''),
(501, '23', '21', '1', '1', ''),
(502, '24', '21', '1', '1', ''),
(503, '25', '21', '1', '1', ''),
(504, '27', '21', '1', '', ''),
(505, '3', '21', '0', '', ''),
(506, '2', '22', '1', '', ''),
(507, '3', '22', '1', '', ''),
(508, '4', '22', '1', '', ''),
(509, '5', '22', '1', '1', ''),
(510, '6', '22', '1', '', ''),
(511, '7', '22', '1', '', ''),
(512, '8', '22', '1', '', ''),
(513, '10', '22', '1', '', ''),
(514, '11', '22', '1', '1', ''),
(515, '12', '22', '1', '', ''),
(516, '13', '22', '1', '1', ''),
(517, '14', '22', '1', '', ''),
(518, '15', '22', '1', '1', ''),
(519, '16', '22', '1', '1', ''),
(520, '17', '22', '1', '', ''),
(521, '18', '22', '1', '1', ''),
(522, '19', '22', '1', '', ''),
(523, '20', '22', '1', '1', ''),
(524, '21', '22', '1', '1', ''),
(525, '22', '22', '1', '', ''),
(526, '23', '22', '1', '1', ''),
(527, '24', '22', '1', '1', ''),
(528, '25', '22', '1', '1', ''),
(529, '27', '22', '1', '', ''),
(530, '2', '23', '1', '', ''),
(531, '3', '23', '1', '', ''),
(532, '4', '23', '1', '', ''),
(533, '5', '23', '1', '1', ''),
(534, '6', '23', '1', '1', ''),
(535, '7', '23', '1', '', ''),
(536, '8', '23', '1', '', ''),
(537, '10', '23', '1', '', ''),
(538, '11', '23', '1', '1', ''),
(539, '12', '23', '1', '', ''),
(540, '13', '23', '1', '1', ''),
(541, '14', '23', '1', '', ''),
(542, '15', '23', '1', '', ''),
(543, '16', '23', '1', '1', ''),
(544, '17', '23', '1', '1', ''),
(545, '18', '23', '1', '1', ''),
(546, '19', '23', '1', '', ''),
(547, '20', '23', '1', '1', ''),
(548, '21', '23', '1', '1', ''),
(549, '22', '23', '1', '', ''),
(550, '23', '23', '1', '1', ''),
(551, '24', '23', '1', '1', ''),
(552, '25', '23', '1', '1', ''),
(553, '27', '23', '1', '', ''),
(554, '2', '24', '1', '', ''),
(555, '3', '24', '1', '', ''),
(556, '4', '24', '1', '', ''),
(557, '5', '24', '1', '1', ''),
(558, '6', '24', '1', '', ''),
(559, '7', '24', '1', '', ''),
(560, '8', '24', '1', '', ''),
(561, '10', '24', '1', '', ''),
(562, '11', '24', '1', '1', ''),
(563, '12', '24', '1', '', ''),
(564, '13', '24', '1', '1', ''),
(565, '15', '24', '1', '1', ''),
(566, '16', '24', '1', '1', ''),
(567, '17', '24', '1', '1', ''),
(568, '18', '24', '1', '1', ''),
(569, '20', '24', '1', '1', ''),
(570, '21', '24', '1', '1', ''),
(571, '22', '24', '1', '', ''),
(572, '23', '24', '1', '1', ''),
(573, '24', '24', '1', '1', ''),
(574, '25', '24', '1', '1', ''),
(575, '27', '24', '1', '', ''),
(576, '14', '24', '0', '', ''),
(577, '19', '24', '0', '', ''),
(578, '2', '25', '1', '', ''),
(579, '3', '25', '1', '', ''),
(580, '4', '25', '1', '', ''),
(581, '5', '25', '1', '1', ''),
(582, '6', '25', '1', '1', ''),
(583, '7', '25', '1', '', ''),
(584, '8', '25', '1', '', ''),
(585, '10', '25', '1', '', ''),
(586, '11', '25', '1', '1', ''),
(587, '12', '25', '1', '', ''),
(588, '13', '25', '1', '1', ''),
(589, '14', '25', '1', '', ''),
(590, '15', '25', '1', '', ''),
(591, '16', '25', '1', '1', ''),
(592, '17', '25', '1', '1', ''),
(593, '18', '25', '1', '1', ''),
(594, '19', '25', '1', '', ''),
(595, '20', '25', '1', '1', ''),
(596, '21', '25', '1', '1', ''),
(597, '22', '25', '1', '', ''),
(598, '23', '25', '1', '1', ''),
(599, '24', '25', '1', '1', ''),
(600, '25', '25', '1', '1', ''),
(601, '27', '25', '1', '', ''),
(602, '2', '26', '1', '', ''),
(603, '4', '26', '1', '', ''),
(604, '5', '26', '1', '1', ''),
(605, '6', '26', '1', '1', ''),
(606, '7', '26', '1', '', ''),
(607, '8', '26', '1', '', ''),
(608, '10', '26', '1', '', ''),
(609, '11', '26', '1', '1', ''),
(610, '12', '26', '1', '', ''),
(611, '13', '26', '1', '1', ''),
(612, '14', '26', '1', '', ''),
(613, '15', '26', '1', '1', ''),
(614, '16', '26', '1', '1', ''),
(615, '17', '26', '1', '1', ''),
(616, '18', '26', '1', '1', ''),
(617, '19', '26', '1', '', ''),
(618, '20', '26', '1', '1', ''),
(619, '21', '26', '1', '1', ''),
(620, '22', '26', '1', '', ''),
(621, '23', '26', '1', '1', ''),
(622, '24', '26', '1', '1', ''),
(623, '25', '26', '1', '1', ''),
(624, '27', '26', '1', '', ''),
(625, '3', '26', '0', '', ''),
(626, '2', '27', '1', '', ''),
(627, '4', '27', '1', '', ''),
(628, '5', '27', '1', '1', ''),
(629, '6', '27', '1', '1', ''),
(630, '7', '27', '1', '', ''),
(631, '8', '27', '1', '', ''),
(632, '10', '27', '1', '', ''),
(633, '11', '27', '1', '1', ''),
(634, '12', '27', '1', '', ''),
(635, '13', '27', '1', '1', ''),
(636, '14', '27', '1', '', ''),
(637, '15', '27', '1', '1', ''),
(638, '16', '27', '1', '1', ''),
(639, '17', '27', '1', '', ''),
(640, '18', '27', '1', '1', ''),
(641, '19', '27', '1', '', ''),
(642, '20', '27', '1', '1', ''),
(643, '21', '27', '1', '1', ''),
(644, '22', '27', '1', '', ''),
(645, '23', '27', '1', '1', ''),
(646, '24', '27', '1', '1', ''),
(647, '25', '27', '1', '1', ''),
(648, '27', '27', '1', '', ''),
(649, '3', '27', '0', '', ''),
(650, '2', '28', '1', '', ''),
(651, '4', '28', '1', '', ''),
(652, '5', '28', '1', '1', ''),
(653, '6', '28', '1', '1', ''),
(654, '7', '28', '1', '', ''),
(655, '8', '28', '1', '', ''),
(656, '10', '28', '1', '', ''),
(657, '11', '28', '1', '1', ''),
(658, '12', '28', '1', '', ''),
(659, '13', '28', '1', '1', ''),
(660, '15', '28', '1', '', ''),
(661, '16', '28', '1', '1', ''),
(662, '17', '28', '1', '1', ''),
(663, '18', '28', '1', '1', ''),
(664, '19', '28', '1', '', ''),
(665, '20', '28', '1', '1', ''),
(666, '21', '28', '1', '1', ''),
(667, '22', '28', '1', '', ''),
(668, '23', '28', '1', '1', ''),
(669, '24', '28', '1', '1', ''),
(670, '25', '28', '1', '1', ''),
(671, '27', '28', '1', '', ''),
(672, '3', '28', '0', '', ''),
(673, '14', '28', '0', '', ''),
(674, '2', '29', '1', '', ''),
(675, '4', '29', '1', '', ''),
(676, '5', '29', '1', '1', ''),
(677, '6', '29', '1', '1', ''),
(678, '7', '29', '1', '', ''),
(679, '8', '29', '1', '', ''),
(680, '10', '29', '1', '', ''),
(681, '12', '29', '1', '', ''),
(682, '13', '29', '1', '1', ''),
(683, '14', '29', '1', '', ''),
(684, '15', '29', '1', '', ''),
(685, '16', '29', '1', '', ''),
(686, '17', '29', '1', '1', ''),
(687, '19', '29', '1', '', ''),
(688, '20', '29', '1', '1', ''),
(689, '21', '29', '1', '', ''),
(690, '22', '29', '1', '', ''),
(691, '23', '29', '1', '1', ''),
(692, '24', '29', '1', '1', ''),
(693, '25', '29', '1', '1', ''),
(694, '27', '29', '1', '', ''),
(695, '3', '29', '0', '', ''),
(696, '11', '29', '0', '', ''),
(697, '18', '29', '0', '', ''),
(698, '2', '30', '1', '', ''),
(699, '4', '30', '1', '', ''),
(700, '5', '30', '1', '', ''),
(701, '6', '30', '1', '', ''),
(702, '7', '30', '1', '', ''),
(703, '8', '30', '1', '', ''),
(704, '10', '30', '1', '', ''),
(705, '12', '30', '1', '', ''),
(706, '13', '30', '1', '', ''),
(707, '14', '30', '1', '', ''),
(708, '16', '30', '1', '', ''),
(709, '17', '30', '1', '', ''),
(710, '18', '30', '1', '', ''),
(711, '20', '30', '1', '', ''),
(712, '21', '30', '1', '', ''),
(713, '22', '30', '1', '', ''),
(714, '23', '30', '1', '', ''),
(715, '24', '30', '1', '', ''),
(716, '25', '30', '1', '', ''),
(717, '27', '30', '1', '', ''),
(718, '3', '30', '0', '', ''),
(719, '11', '30', '0', '', ''),
(720, '15', '30', '0', '', ''),
(721, '19', '30', '0', '', ''),
(722, '2', '31', '1', '', ''),
(723, '4', '31', '1', '', ''),
(724, '5', '31', '1', '1', ''),
(725, '6', '31', '1', '1', ''),
(726, '7', '31', '1', '', ''),
(727, '8', '31', '1', '', ''),
(728, '10', '31', '1', '', ''),
(729, '12', '31', '1', '', ''),
(730, '13', '31', '1', '1', ''),
(731, '14', '31', '1', '', ''),
(732, '16', '31', '1', '1', ''),
(733, '17', '31', '1', '', ''),
(734, '18', '31', '1', '1', ''),
(735, '20', '31', '1', '1', ''),
(736, '21', '31', '1', '1', ''),
(737, '22', '31', '1', '', ''),
(738, '23', '31', '1', '1', ''),
(739, '24', '31', '1', '1', ''),
(740, '25', '31', '1', '1', ''),
(741, '27', '31', '1', '', ''),
(742, '3', '31', '0', '', ''),
(743, '11', '31', '0', '', ''),
(744, '15', '31', '0', '', ''),
(745, '19', '31', '0', '', ''),
(746, '2', '32', '1', '', ''),
(747, '4', '32', '1', '', ''),
(748, '5', '32', '1', '1', ''),
(749, '6', '32', '1', '1', ''),
(750, '7', '32', '1', '', ''),
(751, '8', '32', '1', '1', ''),
(752, '10', '32', '1', '', ''),
(753, '11', '32', '1', '1', ''),
(754, '12', '32', '1', '', ''),
(755, '13', '32', '1', '1', ''),
(756, '14', '32', '1', '', ''),
(757, '15', '32', '1', '1', ''),
(758, '16', '32', '1', '1', ''),
(759, '17', '32', '1', '1', ''),
(760, '18', '32', '1', '1', ''),
(761, '19', '32', '1', '', ''),
(762, '20', '32', '1', '1', ''),
(763, '21', '32', '1', '1', ''),
(764, '22', '32', '1', '', ''),
(765, '23', '32', '1', '1', ''),
(766, '24', '32', '1', '1', ''),
(767, '25', '32', '1', '1', ''),
(768, '27', '32', '1', '', ''),
(769, '3', '32', '0', '', ''),
(770, '2', '33', '1', '', ''),
(771, '4', '33', '1', '', ''),
(772, '5', '33', '1', '1', ''),
(773, '6', '33', '1', '1', ''),
(774, '7', '33', '1', '', ''),
(775, '8', '33', '1', '1', ''),
(776, '10', '33', '1', '', ''),
(777, '11', '33', '1', '', 'En la asignación de remesa del pasado viernes, dice que nos asignaron 1mdp Tapachula y 4mdp Villahermosa; es erróneo el dato de Villahermosa y el correcto son 0.4mdp. Gracias.'),
(778, '12', '33', '1', '', ''),
(779, '13', '33', '1', '1', ''),
(780, '15', '33', '1', '1', ''),
(781, '16', '33', '1', '1', ''),
(782, '17', '33', '1', '1', ''),
(783, '18', '33', '1', '1', ''),
(784, '19', '33', '1', '', ''),
(785, '20', '33', '1', '1', ''),
(786, '21', '33', '1', '1', ''),
(787, '22', '33', '1', '', ''),
(788, '23', '33', '1', '1', ''),
(789, '24', '33', '1', '1', ''),
(790, '25', '33', '1', '1', ''),
(791, '27', '33', '1', '', ''),
(792, '3', '33', '0', '', ''),
(793, '14', '33', '0', '', ''),
(794, '2', '34', '1', '', ''),
(795, '3', '34', '1', '', ''),
(796, '4', '34', '1', '', ''),
(797, '5', '34', '1', '1', ''),
(798, '6', '34', '1', '1', ''),
(799, '7', '34', '1', '', ''),
(800, '8', '34', '1', '1', ''),
(801, '10', '34', '1', '', ''),
(802, '11', '34', '1', '1', ''),
(803, '12', '34', '1', '', ''),
(804, '13', '34', '1', '1', ''),
(805, '14', '34', '1', '', ''),
(806, '15', '34', '1', '1', ''),
(807, '16', '34', '1', '1', ''),
(808, '17', '34', '1', '1', ''),
(809, '18', '34', '1', '1', ''),
(810, '19', '34', '1', '', ''),
(811, '20', '34', '1', '1', ''),
(812, '21', '34', '1', '1', ''),
(813, '22', '34', '1', '', ''),
(814, '23', '34', '1', '1', ''),
(815, '24', '34', '1', '1', ''),
(816, '25', '34', '1', '1', ''),
(817, '27', '34', '1', '', ''),
(818, '2', '35', '1', '', ''),
(819, '3', '35', '1', '', ''),
(820, '4', '35', '1', '', ''),
(821, '5', '35', '1', '1', ''),
(822, '6', '35', '1', '1', ''),
(823, '7', '35', '1', '', ''),
(824, '8', '35', '1', '1', ''),
(825, '10', '35', '1', '', ''),
(826, '11', '35', '1', '0', 'Envié dos comentarios:\r\nEl primero menciona la línea de atención de la Comisión Federal, debiendo ser la línea de media tensión de la Comisión Federal.\r\nLa segunda menciona que comprometí fechas de desvinculación total de personal en Tapachula y Villahermosa, los días 15 y 18, debiendo ser los días 15 y 28 de febrero.\r\n'),
(827, '12', '35', '1', '', ''),
(828, '13', '35', '1', '1', ''),
(829, '14', '35', '1', '', ''),
(830, '15', '35', '1', '1', ''),
(831, '16', '35', '1', '1', ''),
(832, '17', '35', '1', '1', ''),
(833, '18', '35', '1', '1', ''),
(834, '19', '35', '1', '', ''),
(835, '20', '35', '1', '1', ''),
(836, '21', '35', '1', '1', ''),
(837, '22', '35', '1', '', ''),
(838, '23', '35', '1', '1', ''),
(839, '24', '35', '1', '1', ''),
(840, '25', '35', '1', '1', ''),
(841, '27', '35', '1', '', ''),
(842, '2', '36', '1', '', ''),
(843, '3', '36', '1', '', ''),
(844, '4', '36', '1', '', ''),
(845, '5', '36', '1', '1', ''),
(846, '6', '36', '1', '1', ''),
(847, '7', '36', '1', '', ''),
(848, '8', '36', '1', '1', ''),
(849, '10', '36', '1', '', ''),
(850, '11', '36', '1', '1', ''),
(851, '12', '36', '1', '', ''),
(852, '13', '36', '1', '1', ''),
(853, '14', '36', '1', '', ''),
(854, '15', '36', '1', '1', ''),
(855, '16', '36', '1', '1', ''),
(856, '17', '36', '1', '1', ''),
(857, '18', '36', '1', '1', ''),
(858, '19', '36', '1', '', ''),
(859, '20', '36', '1', '1', ''),
(860, '21', '36', '1', '1', ''),
(861, '22', '36', '1', '', ''),
(862, '23', '36', '1', '1', ''),
(863, '24', '36', '1', '1', ''),
(864, '25', '36', '1', '1', ''),
(865, '27', '36', '1', '', ''),
(866, '2', '37', '1', '', ''),
(867, '4', '37', '1', '', ''),
(868, '5', '37', '1', '1', ''),
(869, '6', '37', '1', '1', ''),
(870, '7', '37', '1', '', ''),
(871, '8', '37', '1', '', ''),
(872, '10', '37', '1', '', ''),
(873, '11', '37', '1', '1', ''),
(874, '12', '37', '1', '', ''),
(875, '13', '37', '1', '1', ''),
(876, '14', '37', '1', '', ''),
(877, '15', '37', '1', '', ''),
(878, '16', '37', '1', '1', ''),
(879, '17', '37', '1', '1', ''),
(880, '18', '37', '1', '1', ''),
(881, '19', '37', '1', '', ''),
(882, '20', '37', '1', '1', ''),
(883, '21', '37', '1', '1', ''),
(884, '22', '37', '1', '', ''),
(885, '23', '37', '1', '1', ''),
(886, '24', '37', '1', '1', ''),
(887, '25', '37', '1', '1', ''),
(888, '3', '37', '0', '', ''),
(889, '2', '38', '1', '', ''),
(890, '3', '38', '1', '', ''),
(891, '4', '38', '1', '', ''),
(892, '5', '38', '1', '1', ''),
(893, '6', '38', '1', '', ''),
(894, '7', '38', '1', '', ''),
(895, '8', '38', '1', '', ''),
(896, '10', '38', '1', '', ''),
(897, '11', '38', '1', '', ''),
(898, '12', '38', '1', '', ''),
(899, '13', '38', '1', '1', ''),
(900, '14', '38', '1', '', ''),
(901, '15', '38', '1', '', ''),
(902, '16', '38', '1', '1', ''),
(903, '17', '38', '1', '', ''),
(904, '18', '38', '1', '', ''),
(905, '19', '38', '1', '', ''),
(906, '20', '38', '1', '1', ''),
(907, '21', '38', '1', '', ''),
(908, '22', '38', '1', '', ''),
(909, '23', '38', '1', '', ''),
(910, '24', '38', '1', '1', ''),
(911, '25', '38', '1', '1', ''),
(912, '27', '38', '1', '', ''),
(913, '2', '39', '1', '', ''),
(914, '3', '39', '1', '', ''),
(915, '4', '39', '1', '', ''),
(916, '5', '39', '1', '1', ''),
(917, '6', '39', '1', '1', ''),
(918, '7', '39', '1', '', ''),
(919, '8', '39', '1', '', ''),
(920, '10', '39', '1', '', ''),
(921, '11', '39', '1', '1', ''),
(922, '12', '39', '1', '', ''),
(923, '13', '39', '1', '1', ''),
(924, '14', '39', '1', '', ''),
(925, '15', '39', '1', '', ''),
(926, '16', '39', '1', '1', ''),
(927, '17', '39', '1', '1', ''),
(928, '18', '39', '1', '1', ''),
(929, '19', '39', '1', '', ''),
(930, '20', '39', '1', '1', ''),
(931, '21', '39', '1', '1', ''),
(932, '22', '39', '1', '', ''),
(933, '23', '39', '1', '1', ''),
(934, '24', '39', '1', '1', ''),
(935, '25', '39', '1', '1', ''),
(936, '27', '39', '1', '', ''),
(937, '2', '40', '1', '', ''),
(938, '3', '40', '1', '', ''),
(939, '4', '40', '1', '', ''),
(940, '5', '40', '1', '1', ''),
(941, '6', '40', '1', '', ''),
(942, '7', '40', '1', '', ''),
(943, '8', '40', '1', '', ''),
(944, '10', '40', '1', '', ''),
(945, '11', '40', '1', '1', ''),
(946, '12', '40', '1', '', ''),
(947, '13', '40', '1', '1', ''),
(948, '14', '40', '1', '', ''),
(949, '15', '40', '1', '1', ''),
(950, '16', '40', '1', '1', ''),
(951, '17', '40', '1', '', ''),
(952, '18', '40', '1', '1', ''),
(953, '19', '40', '1', '', ''),
(954, '20', '40', '1', '1', ''),
(955, '21', '40', '1', '1', ''),
(956, '22', '40', '1', '', ''),
(957, '23', '40', '1', '1', ''),
(958, '24', '40', '1', '1', ''),
(959, '25', '40', '1', '1', ''),
(960, '27', '40', '1', '', ''),
(961, '2', '41', '1', '', ''),
(962, '3', '41', '1', '', ''),
(963, '4', '41', '1', '', ''),
(964, '5', '41', '1', '1', ''),
(965, '6', '41', '1', '1', ''),
(966, '7', '41', '1', '', ''),
(967, '8', '41', '1', '', ''),
(968, '10', '41', '1', '', ''),
(969, '11', '41', '1', '', ''),
(970, '12', '41', '1', '', ''),
(971, '13', '41', '1', '1', ''),
(972, '14', '41', '1', '', ''),
(973, '15', '41', '1', '1', ''),
(974, '16', '41', '1', '1', ''),
(975, '17', '41', '1', '', ''),
(976, '18', '41', '1', '1', ''),
(977, '19', '41', '1', '', ''),
(978, '20', '41', '1', '1', ''),
(979, '21', '41', '1', '1', ''),
(980, '22', '41', '1', '', ''),
(981, '23', '41', '1', '1', ''),
(982, '24', '41', '1', '1', ''),
(983, '25', '41', '1', '1', ''),
(984, '27', '41', '1', '', ''),
(985, '2', '42', '1', '', ''),
(986, '4', '42', '1', '', ''),
(987, '5', '42', '1', '1', ''),
(988, '6', '42', '1', '', ''),
(989, '7', '42', '1', '', ''),
(990, '8', '42', '1', '', ''),
(991, '10', '42', '1', '', ''),
(992, '11', '42', '1', '1', ''),
(993, '12', '42', '1', '', ''),
(994, '13', '42', '1', '1', ''),
(995, '14', '42', '1', '', ''),
(996, '15', '42', '1', '1', ''),
(997, '16', '42', '1', '1', ''),
(998, '17', '42', '1', '', ''),
(999, '18', '42', '1', '1', ''),
(1000, '19', '42', '1', '', ''),
(1001, '20', '42', '1', '1', ''),
(1002, '21', '42', '1', '1', ''),
(1003, '22', '42', '1', '', ''),
(1004, '23', '42', '1', '1', ''),
(1005, '24', '42', '1', '1', ''),
(1006, '25', '42', '1', '1', ''),
(1007, '27', '42', '1', '', ''),
(1008, '3', '42', '0', '', ''),
(1009, '5', '43', '1', '', ''),
(1010, '6', '43', '1', '1', ''),
(1011, '7', '43', '1', '', ''),
(1012, '8', '43', '1', '1', ''),
(1013, '10', '43', '1', '', ''),
(1014, '12', '43', '1', '', ''),
(1015, '13', '43', '1', '1', ''),
(1016, '14', '43', '1', '', ''),
(1017, '16', '43', '1', '1', ''),
(1018, '17', '43', '1', '1', ''),
(1019, '18', '43', '1', '1', ''),
(1020, '20', '43', '1', '1', ''),
(1021, '21', '43', '1', '1', ''),
(1022, '22', '43', '1', '', ''),
(1023, '23', '43', '1', '1', ''),
(1024, '24', '43', '1', '1', ''),
(1025, '25', '43', '1', '1', ''),
(1026, '27', '43', '1', '', ''),
(1027, '2', '43', '0', '', ''),
(1028, '3', '43', '0', '', ''),
(1029, '4', '43', '0', '', ''),
(1030, '11', '43', '0', '', ''),
(1031, '15', '43', '0', '', ''),
(1032, '19', '43', '0', '', ''),
(1033, '6', '44', '1', '1', ''),
(1034, '7', '44', '1', '', ''),
(1035, '8', '44', '1', '', ''),
(1036, '10', '44', '1', '', ''),
(1037, '11', '44', '1', '', 'En donde se dice: \"La semana pasada se cobró una facturación de Tapachula\"; es incorrecto. Se dijo \"La semana pasada se facturó estimación de Tapachula\" '),
(1038, '12', '44', '1', '', ''),
(1039, '13', '44', '1', '1', ''),
(1040, '14', '44', '1', '', ''),
(1041, '15', '44', '1', '1', ''),
(1042, '16', '44', '1', '1', ''),
(1043, '17', '44', '1', '1', ''),
(1044, '18', '44', '1', '', ''),
(1045, '19', '44', '1', '', ''),
(1046, '21', '44', '1', '1', ''),
(1047, '22', '44', '1', '', ''),
(1048, '23', '44', '1', '1', ''),
(1049, '24', '44', '1', '1', ''),
(1050, '25', '44', '1', '1', ''),
(1051, '27', '44', '1', '', ''),
(1052, '2', '44', '0', '', ''),
(1053, '3', '44', '0', '', ''),
(1054, '4', '44', '0', '', ''),
(1055, '5', '44', '0', '', ''),
(1056, '20', '44', '0', '', ''),
(1057, '2', '45', '1', '', ''),
(1058, '4', '45', '1', '', ''),
(1059, '5', '45', '1', '1', ''),
(1060, '6', '45', '1', '1', ''),
(1061, '7', '45', '1', '', ''),
(1062, '8', '45', '1', '', ''),
(1063, '10', '45', '1', '', ''),
(1064, '11', '45', '1', '1', ''),
(1065, '12', '45', '1', '', ''),
(1066, '13', '45', '1', '1', ''),
(1067, '14', '45', '1', '', ''),
(1068, '15', '45', '1', '1', ''),
(1069, '16', '45', '1', '1', ''),
(1070, '17', '45', '1', '1', ''),
(1071, '18', '45', '1', '1', ''),
(1072, '19', '45', '1', '', ''),
(1073, '20', '45', '1', '1', ''),
(1074, '21', '45', '1', '1', ''),
(1075, '22', '45', '1', '', ''),
(1076, '23', '45', '1', '1', ''),
(1077, '24', '45', '1', '1', ''),
(1078, '25', '45', '1', '1', ''),
(1079, '27', '45', '1', '', ''),
(1080, '3', '45', '0', '', ''),
(1081, '2', '46', '1', '', ''),
(1082, '4', '46', '1', '', ''),
(1083, '5', '46', '1', '1', ''),
(1084, '6', '46', '1', '', ''),
(1085, '7', '46', '1', '', ''),
(1086, '8', '46', '1', '', ''),
(1087, '10', '46', '1', '', ''),
(1088, '11', '46', '1', '1', ''),
(1089, '12', '46', '1', '', ''),
(1090, '13', '46', '1', '1', ''),
(1091, '14', '46', '1', '', ''),
(1092, '15', '46', '1', '1', ''),
(1093, '16', '46', '1', '1', ''),
(1094, '17', '46', '1', '1', ''),
(1095, '18', '46', '1', '1', ''),
(1096, '19', '46', '1', '', ''),
(1097, '20', '46', '1', '1', ''),
(1098, '21', '46', '1', '1', ''),
(1099, '22', '46', '1', '', ''),
(1100, '23', '46', '1', '1', ''),
(1101, '24', '46', '1', '1', ''),
(1102, '25', '46', '1', '1', ''),
(1103, '27', '46', '1', '', ''),
(1104, '3', '46', '0', '', ''),
(1105, '2', '47', '1', '', ''),
(1106, '3', '47', '1', '', ''),
(1107, '4', '47', '1', '', ''),
(1108, '5', '47', '1', '', ''),
(1109, '6', '47', '1', '', ''),
(1110, '7', '47', '1', '', ''),
(1111, '8', '47', '1', '', ''),
(1112, '10', '47', '1', '', ''),
(1113, '11', '47', '1', '', ''),
(1114, '12', '47', '1', '', ''),
(1115, '13', '47', '1', '', ''),
(1116, '14', '47', '1', '', ''),
(1117, '15', '47', '1', '', ''),
(1118, '16', '47', '1', '', ''),
(1119, '17', '47', '1', '', ''),
(1120, '18', '47', '1', '', ''),
(1121, '19', '47', '1', '', ''),
(1122, '20', '47', '1', '', ''),
(1123, '21', '47', '1', '', ''),
(1124, '22', '47', '1', '', ''),
(1125, '23', '47', '1', '', ''),
(1126, '24', '47', '1', '', ''),
(1127, '25', '47', '1', '', ''),
(1128, '27', '47', '1', '', ''),
(1129, '2', '48', '1', '', ''),
(1130, '3', '48', '1', '', ''),
(1131, '4', '48', '1', '', ''),
(1132, '5', '48', '1', '1', ''),
(1133, '6', '48', '1', '', ''),
(1134, '7', '48', '1', '', ''),
(1135, '8', '48', '1', '', ''),
(1136, '10', '48', '1', '', ''),
(1137, '11', '48', '1', '1', ''),
(1138, '12', '48', '1', '', ''),
(1139, '13', '48', '1', '1', ''),
(1140, '14', '48', '1', '', ''),
(1141, '15', '48', '1', '', ''),
(1142, '16', '48', '1', '1', ''),
(1143, '17', '48', '1', '1', ''),
(1144, '18', '48', '1', '1', ''),
(1145, '19', '48', '1', '', ''),
(1146, '20', '48', '1', '1', ''),
(1147, '21', '48', '1', '1', ''),
(1148, '22', '48', '1', '', ''),
(1149, '23', '48', '1', '', ''),
(1150, '24', '48', '1', '1', ''),
(1151, '25', '48', '1', '1', ''),
(1152, '27', '48', '1', '', ''),
(1153, '2', '49', '1', '', ''),
(1154, '4', '49', '1', '', ''),
(1155, '5', '49', '1', '1', ''),
(1156, '6', '49', '1', '1', ''),
(1157, '7', '49', '1', '', ''),
(1158, '8', '49', '1', '1', ''),
(1159, '10', '49', '1', '', ''),
(1160, '11', '49', '1', '1', ''),
(1161, '12', '49', '1', '', ''),
(1162, '13', '49', '1', '1', ''),
(1163, '14', '49', '1', '', ''),
(1164, '15', '49', '1', '1', ''),
(1165, '16', '49', '1', '1', ''),
(1166, '17', '49', '1', '', ''),
(1167, '18', '49', '1', '1', ''),
(1168, '19', '49', '1', '', ''),
(1169, '20', '49', '1', '1', ''),
(1170, '21', '49', '1', '1', ''),
(1171, '23', '49', '1', '1', ''),
(1172, '24', '49', '1', '1', ''),
(1173, '25', '49', '1', '1', ''),
(1174, '27', '49', '1', '', ''),
(1175, '3', '49', '0', '', ''),
(1176, '22', '49', '0', '', ''),
(1177, '2', '50', '1', '', ''),
(1178, '4', '50', '1', '', ''),
(1179, '5', '50', '1', '1', ''),
(1180, '6', '50', '1', '1', ''),
(1181, '7', '50', '1', '', ''),
(1182, '8', '50', '1', '1', ''),
(1183, '10', '50', '1', '', ''),
(1184, '11', '50', '1', '1', ''),
(1185, '12', '50', '1', '', ''),
(1186, '13', '50', '1', '1', ''),
(1187, '14', '50', '1', '', ''),
(1188, '15', '50', '1', '1', ''),
(1189, '16', '50', '1', '1', ''),
(1190, '18', '50', '1', '1', ''),
(1191, '19', '50', '1', '', ''),
(1192, '20', '50', '1', '1', ''),
(1193, '21', '50', '1', '1', ''),
(1194, '22', '50', '1', '', ''),
(1195, '23', '50', '1', '1', ''),
(1196, '24', '50', '1', '1', ''),
(1197, '25', '50', '1', '1', ''),
(1198, '27', '50', '1', '', ''),
(1199, '3', '50', '0', '', ''),
(1200, '17', '50', '0', '', ''),
(1201, '2', '51', '1', '', ''),
(1202, '3', '51', '1', '', ''),
(1203, '4', '51', '1', '', ''),
(1204, '5', '51', '1', '1', ''),
(1205, '6', '51', '1', '', ''),
(1206, '7', '51', '1', '', ''),
(1207, '8', '51', '1', '1', ''),
(1208, '10', '51', '1', '', ''),
(1209, '11', '51', '1', '1', 'En el comentario de PARQUE SUR, se menciona la torre 6; es incorrecto, se trata de la TORRE C.'),
(1210, '12', '51', '1', '', ''),
(1211, '13', '51', '1', '1', ''),
(1212, '14', '51', '1', '', ''),
(1213, '15', '51', '1', '1', ''),
(1214, '16', '51', '1', '1', ''),
(1215, '17', '51', '1', '1', ''),
(1216, '18', '51', '1', '1', ''),
(1217, '19', '51', '1', '', ''),
(1218, '20', '51', '1', '1', ''),
(1219, '21', '51', '1', '1', ''),
(1220, '23', '51', '1', '1', ''),
(1221, '24', '51', '1', '1', ''),
(1222, '25', '51', '1', '1', ''),
(1223, '27', '51', '1', '', ''),
(1224, '22', '51', '0', '', ''),
(1225, '3', '52', '1', '', ''),
(1226, '6', '52', '1', '1', ''),
(1227, '7', '52', '1', '', ''),
(1228, '8', '52', '1', '1', ''),
(1229, '10', '52', '1', '', ''),
(1230, '11', '52', '1', '', ''),
(1231, '13', '52', '1', '1', ''),
(1232, '14', '52', '1', '', ''),
(1233, '15', '52', '1', '1', ''),
(1234, '16', '52', '1', '1', ''),
(1235, '17', '52', '1', '', ''),
(1236, '18', '52', '1', '1', ''),
(1237, '19', '52', '1', '', ''),
(1238, '20', '52', '1', '1', ''),
(1239, '21', '52', '1', '1', ''),
(1240, '22', '52', '1', '', ''),
(1241, '23', '52', '1', '1', ''),
(1242, '24', '52', '1', '1', ''),
(1243, '25', '52', '1', '1', ''),
(1244, '27', '52', '1', '', ''),
(1245, '2', '52', '0', '', ''),
(1246, '4', '52', '0', '', ''),
(1247, '12', '52', '0', '', ''),
(1248, '2', '53', '1', '', ''),
(1249, '4', '53', '1', '', ''),
(1250, '5', '53', '1', '1', ''),
(1251, '6', '53', '1', '1', 'Estimado  Ingeniero Miranda:\r\nEn el tema de la reforma de outsourcing hay algunos conceptos que están invertidos y esto cambia la esencia del comentario.\r\nPor la importancia del tema sugiero que me envíe Usted el documeto en Word y yo le marco los cambios\r\nGracias y saludos'),
(1252, '7', '53', '1', '', ''),
(1253, '8', '53', '1', '', ''),
(1254, '10', '53', '1', '', ''),
(1255, '11', '53', '1', '1', ''),
(1256, '12', '53', '1', '', ''),
(1257, '13', '53', '1', '1', ''),
(1258, '14', '53', '1', '', ''),
(1259, '15', '53', '1', '1', ''),
(1260, '16', '53', '1', '1', ''),
(1261, '17', '53', '1', '1', ''),
(1262, '18', '53', '1', '1', ''),
(1263, '19', '53', '1', '', ''),
(1264, '20', '53', '1', '1', ''),
(1265, '21', '53', '1', '1', ''),
(1266, '22', '53', '1', '', ''),
(1267, '23', '53', '1', '1', ''),
(1268, '24', '53', '1', '1', ''),
(1269, '25', '53', '1', '1', ''),
(1270, '27', '53', '1', '', ''),
(1271, '3', '53', '0', '', ''),
(1272, '4', '54', '1', '', ''),
(1273, '5', '54', '1', '', ''),
(1274, '6', '54', '1', '', ''),
(1275, '7', '54', '1', '', ''),
(1276, '8', '54', '1', '', ''),
(1277, '10', '54', '1', '', ''),
(1278, '11', '54', '1', '', ''),
(1279, '12', '54', '1', '', ''),
(1280, '13', '54', '1', '', ''),
(1281, '14', '54', '1', '', ''),
(1282, '15', '54', '1', '', ''),
(1283, '16', '54', '1', '', ''),
(1284, '17', '54', '1', '', ''),
(1285, '18', '54', '1', '', ''),
(1286, '19', '54', '1', '', ''),
(1287, '20', '54', '1', '', ''),
(1288, '21', '54', '1', '', ''),
(1289, '22', '54', '1', '', ''),
(1290, '23', '54', '1', '', ''),
(1291, '24', '54', '1', '', ''),
(1292, '25', '54', '1', '', ''),
(1293, '27', '54', '1', '', ''),
(1294, '2', '54', '0', '', ''),
(1295, '3', '54', '0', '', ''),
(1296, '4', '55', '1', '', ''),
(1297, '5', '55', '1', '1', ''),
(1298, '6', '55', '1', '1', ''),
(1299, '7', '55', '1', '', ''),
(1300, '8', '55', '1', '', ''),
(1301, '10', '55', '1', '', ''),
(1302, '11', '55', '1', '1', ''),
(1303, '12', '55', '1', '', ''),
(1304, '13', '55', '1', '1', ''),
(1305, '14', '55', '1', '', ''),
(1306, '15', '55', '1', '', ''),
(1307, '16', '55', '1', '1', ''),
(1308, '17', '55', '1', '1', ''),
(1309, '18', '55', '1', '1', ''),
(1310, '19', '55', '1', '', ''),
(1311, '20', '55', '1', '1', ''),
(1312, '21', '55', '1', '1', ''),
(1313, '22', '55', '1', '', ''),
(1314, '23', '55', '1', '1', ''),
(1315, '24', '55', '1', '1', ''),
(1316, '25', '55', '1', '1', ''),
(1317, '27', '55', '1', '', ''),
(1318, '2', '55', '0', '', ''),
(1319, '3', '55', '0', '', ''),
(1320, '2', '56', '1', '', ''),
(1321, '5', '56', '1', '', ''),
(1322, '6', '56', '1', '', ''),
(1323, '7', '56', '1', '', ''),
(1324, '8', '56', '1', '1', ''),
(1325, '10', '56', '1', '', ''),
(1326, '11', '56', '1', '1', ''),
(1327, '12', '56', '1', '', ''),
(1328, '13', '56', '1', '1', ''),
(1329, '14', '56', '1', '', ''),
(1330, '15', '56', '1', '1', ''),
(1331, '16', '56', '1', '1', ''),
(1332, '17', '56', '1', '1', ''),
(1333, '18', '56', '1', '1', ''),
(1334, '19', '56', '1', '', ''),
(1335, '20', '56', '1', '1', ''),
(1336, '21', '56', '1', '1', ''),
(1337, '22', '56', '1', '', ''),
(1338, '23', '56', '1', '1', ''),
(1339, '24', '56', '1', '1', ''),
(1340, '25', '56', '1', '1', ''),
(1341, '27', '56', '1', '', ''),
(1342, '3', '56', '0', '', ''),
(1343, '4', '56', '0', '', ''),
(1344, '2', '57', '1', '', ''),
(1345, '3', '57', '1', '', ''),
(1346, '4', '57', '1', '', ''),
(1347, '5', '57', '1', '1', ''),
(1348, '6', '57', '1', '1', ''),
(1349, '7', '57', '1', '', ''),
(1350, '8', '57', '1', '1', ''),
(1351, '10', '57', '1', '', ''),
(1352, '11', '57', '1', '1', ''),
(1353, '12', '57', '1', '', ''),
(1354, '13', '57', '1', '1', ''),
(1355, '14', '57', '1', '', ''),
(1356, '15', '57', '1', '1', ''),
(1357, '16', '57', '1', '1', ''),
(1358, '17', '57', '1', '', ''),
(1359, '18', '57', '1', '1', ''),
(1360, '19', '57', '1', '', ''),
(1361, '20', '57', '1', '1', ''),
(1362, '21', '57', '1', '1', ''),
(1363, '22', '57', '1', '', ''),
(1364, '23', '57', '1', '1', ''),
(1365, '24', '57', '1', '1', ''),
(1366, '25', '57', '1', '1', ''),
(1367, '27', '57', '1', '', ''),
(1368, '4', '58', '1', '', ''),
(1369, '5', '58', '1', '1', ''),
(1370, '6', '58', '1', '1', ''),
(1371, '7', '58', '1', '', ''),
(1372, '8', '58', '1', '', ''),
(1373, '10', '58', '1', '', ''),
(1374, '11', '58', '1', '1', ''),
(1375, '12', '58', '1', '', ''),
(1376, '13', '58', '1', '1', ''),
(1377, '14', '58', '1', '', ''),
(1378, '15', '58', '1', '1', ''),
(1379, '16', '58', '1', '1', ''),
(1380, '17', '58', '1', '1', ''),
(1381, '18', '58', '1', '1', ''),
(1382, '19', '58', '1', '', ''),
(1383, '20', '58', '1', '1', ''),
(1384, '21', '58', '1', '1', ''),
(1385, '22', '58', '1', '', ''),
(1386, '23', '58', '1', '1', ''),
(1387, '24', '58', '1', '1', ''),
(1388, '25', '58', '1', '1', ''),
(1389, '27', '58', '1', '', ''),
(1390, '2', '58', '0', '', ''),
(1391, '3', '58', '0', '', ''),
(1392, '2', '59', '1', '', ''),
(1393, '4', '59', '1', '', ''),
(1394, '6', '59', '1', '1', ''),
(1395, '7', '59', '1', '', ''),
(1396, '8', '59', '1', '', ''),
(1397, '10', '59', '1', '', ''),
(1398, '11', '59', '1', '1', ''),
(1399, '12', '59', '1', '', ''),
(1400, '13', '59', '1', '1', ''),
(1401, '14', '59', '1', '', ''),
(1402, '15', '59', '1', '1', ''),
(1403, '16', '59', '1', '1', ''),
(1404, '17', '59', '1', '1', ''),
(1405, '18', '59', '1', '1', ''),
(1406, '19', '59', '1', '', ''),
(1407, '20', '59', '1', '1', ''),
(1408, '21', '59', '1', '1', ''),
(1409, '22', '59', '1', '', ''),
(1410, '23', '59', '1', '1', ''),
(1411, '24', '59', '1', '1', ''),
(1412, '25', '59', '1', '1', ''),
(1413, '27', '59', '1', '', ''),
(1414, '3', '59', '0', '', ''),
(1415, '5', '59', '0', '', ''),
(1416, '2', '60', '1', '', ''),
(1417, '4', '60', '1', '', ''),
(1418, '5', '60', '1', '1', ''),
(1419, '6', '60', '1', '', ''),
(1420, '7', '60', '1', '', ''),
(1421, '8', '60', '1', '', ''),
(1422, '10', '60', '1', '', ''),
(1423, '12', '60', '1', '', ''),
(1424, '13', '60', '1', '1', ''),
(1425, '14', '60', '1', '', ''),
(1426, '15', '60', '1', '1', ''),
(1427, '16', '60', '1', '1', ''),
(1428, '17', '60', '1', '1', ''),
(1429, '18', '60', '1', '1', ''),
(1430, '19', '60', '1', '', ''),
(1431, '20', '60', '1', '1', ''),
(1432, '21', '60', '1', '1', ''),
(1433, '22', '60', '1', '', ''),
(1434, '23', '60', '1', '1', ''),
(1435, '24', '60', '1', '1', ''),
(1436, '25', '60', '1', '1', ''),
(1437, '27', '60', '1', '', ''),
(1438, '3', '60', '0', '', ''),
(1439, '11', '60', '0', '', ''),
(1440, '2', '61', '1', '', ''),
(1441, '4', '61', '1', '', ''),
(1442, '5', '61', '1', '1', ''),
(1443, '6', '61', '1', '1', ''),
(1444, '7', '61', '1', '', ''),
(1445, '8', '61', '1', '', ''),
(1446, '10', '61', '1', '', ''),
(1447, '11', '61', '1', '1', ''),
(1448, '12', '61', '1', '', ''),
(1449, '13', '61', '1', '1', ''),
(1450, '14', '61', '1', '', ''),
(1451, '15', '61', '1', '1', ''),
(1452, '16', '61', '1', '1', ''),
(1453, '17', '61', '1', '1', ''),
(1454, '18', '61', '1', '1', ''),
(1455, '19', '61', '1', '', ''),
(1456, '20', '61', '1', '1', ''),
(1457, '21', '61', '1', '1', ''),
(1458, '22', '61', '1', '', ''),
(1459, '23', '61', '1', '', ''),
(1460, '24', '61', '1', '1', ''),
(1461, '25', '61', '1', '1', ''),
(1462, '27', '61', '1', '', ''),
(1463, '3', '61', '0', '', ''),
(1464, '2', '62', '1', '', ''),
(1465, '5', '62', '1', '1', ''),
(1466, '6', '62', '1', '1', ''),
(1467, '7', '62', '1', '', ''),
(1468, '8', '62', '1', '1', ''),
(1469, '10', '62', '1', '', ''),
(1470, '11', '62', '1', '1', ''),
(1471, '12', '62', '1', '', ''),
(1472, '13', '62', '1', '1', ''),
(1473, '14', '62', '1', '', ''),
(1474, '15', '62', '1', '1', ''),
(1475, '16', '62', '1', '1', ''),
(1476, '17', '62', '1', '1', ''),
(1477, '18', '62', '1', '1', ''),
(1478, '19', '62', '1', '', ''),
(1479, '20', '62', '1', '1', ''),
(1480, '21', '62', '1', '1', ''),
(1481, '22', '62', '1', '', ''),
(1482, '23', '62', '1', '', ''),
(1483, '24', '62', '1', '1', ''),
(1484, '25', '62', '1', '1', ''),
(1485, '27', '62', '1', '', ''),
(1486, '3', '62', '0', '', ''),
(1487, '4', '62', '0', '', ''),
(1489, '2', '63', '1', '', ''),
(1490, '4', '63', '1', '', ''),
(1491, '5', '63', '1', '1', ''),
(1492, '6', '63', '1', '', ''),
(1493, '7', '63', '1', '', ''),
(1494, '8', '63', '1', '1', ''),
(1495, '10', '63', '1', '', ''),
(1496, '11', '63', '1', '1', ''),
(1497, '12', '63', '0', '', ''),
(1498, '13', '63', '1', '1', ''),
(1499, '14', '63', '1', '', ''),
(1500, '15', '63', '1', '1', ''),
(1501, '16', '63', '1', '1', ''),
(1502, '17', '63', '1', '', ''),
(1503, '18', '63', '1', '1', ''),
(1504, '19', '63', '1', '', ''),
(1505, '20', '63', '1', '1', ''),
(1506, '21', '63', '1', '1', ''),
(1507, '22', '63', '1', '', ''),
(1508, '23', '63', '1', '1', ''),
(1509, '25', '63', '1', '1', ''),
(1510, '27', '63', '1', '', ''),
(1511, '29', '63', '1', '1', ''),
(1512, '3', '63', '0', '', ''),
(1513, '2', '64', '1', '', ''),
(1514, '3', '64', '1', '', ''),
(1515, '4', '64', '1', '', ''),
(1516, '5', '64', '1', '1', ''),
(1517, '6', '64', '1', '1', ''),
(1518, '7', '64', '1', '', ''),
(1519, '8', '64', '1', '', ''),
(1520, '10', '64', '1', '', ''),
(1521, '11', '64', '1', '1', ''),
(1522, '12', '64', '1', '', ''),
(1523, '13', '64', '1', '1', ''),
(1524, '14', '64', '1', '', ''),
(1525, '15', '64', '1', '1', ''),
(1526, '16', '64', '1', '1', ''),
(1527, '17', '64', '1', '1', ''),
(1528, '18', '64', '1', '1', ''),
(1529, '19', '64', '1', '', ''),
(1530, '20', '64', '1', '1', ''),
(1531, '21', '64', '1', '1', ''),
(1532, '22', '64', '1', '', ''),
(1533, '23', '64', '1', '', ''),
(1534, '25', '64', '1', '1', ''),
(1535, '27', '64', '1', '', ''),
(1536, '29', '64', '1', '1', ''),
(1537, '4', '65', '1', '', ''),
(1538, '5', '65', '1', '1', ''),
(1539, '6', '65', '1', '', ''),
(1540, '7', '65', '1', '', ''),
(1541, '8', '65', '1', '', ''),
(1542, '10', '65', '1', '', ''),
(1543, '11', '65', '1', '', ''),
(1544, '12', '65', '1', '', ''),
(1545, '13', '65', '1', '1', ''),
(1546, '14', '65', '1', '', ''),
(1547, '15', '65', '1', '1', ''),
(1548, '16', '65', '1', '1', ''),
(1549, '17', '65', '1', '1', ''),
(1550, '18', '65', '1', '1', ''),
(1551, '19', '65', '1', '', ''),
(1552, '20', '65', '1', '1', ''),
(1553, '21', '65', '1', '1', ''),
(1554, '22', '65', '1', '', ''),
(1555, '23', '65', '1', '1', ''),
(1556, '25', '65', '1', '1', ''),
(1557, '29', '65', '1', '1', ''),
(1558, '2', '65', '0', '', ''),
(1559, '3', '65', '0', '', ''),
(1560, '27', '65', '0', '', ''),
(1561, '2', '66', '1', '', ''),
(1562, '3', '66', '1', '', ''),
(1563, '30', '66', '1', '', ''),
(1564, '4', '66', '1', '', ''),
(1565, '5', '66', '1', '1', ''),
(1566, '6', '66', '1', '', ''),
(1567, '7', '66', '1', '', ''),
(1568, '8', '66', '1', '', ''),
(1569, '10', '66', '1', '', ''),
(1570, '11', '66', '1', '1', ''),
(1571, '12', '66', '1', '', ''),
(1572, '13', '66', '1', '1', ''),
(1573, '14', '66', '1', '', ''),
(1574, '15', '66', '1', '1', ''),
(1575, '16', '66', '1', '1', ''),
(1576, '17', '66', '1', '1', ''),
(1577, '18', '66', '1', '1', ''),
(1578, '19', '66', '1', '', ''),
(1579, '20', '66', '1', '1', ''),
(1580, '21', '66', '1', '1', ''),
(1581, '22', '66', '1', '', ''),
(1582, '23', '66', '1', '1', ''),
(1583, '25', '66', '1', '1', ''),
(1584, '27', '66', '0', '', ''),
(1585, '29', '66', '1', '1', ''),
(1587, '2', '67', '1', '', ''),
(1588, '3', '67', '1', '', ''),
(1589, '30', '67', '1', '', ''),
(1590, '4', '67', '1', '', ''),
(1591, '5', '67', '1', '', ''),
(1592, '6', '67', '1', '1', ''),
(1593, '7', '67', '1', '', ''),
(1594, '8', '67', '1', '', ''),
(1595, '10', '67', '1', '', ''),
(1596, '11', '67', '1', '1', ''),
(1597, '12', '67', '1', '', ''),
(1598, '13', '67', '1', '1', ''),
(1599, '14', '67', '1', '', ''),
(1600, '15', '67', '1', '1', ''),
(1601, '16', '67', '1', '1', ''),
(1602, '17', '67', '1', '1', ''),
(1603, '18', '67', '1', '1', ''),
(1604, '19', '67', '1', '', ''),
(1605, '20', '67', '1', '1', ''),
(1606, '21', '67', '1', '1', ''),
(1607, '22', '67', '1', '', ''),
(1608, '23', '67', '1', '1', ''),
(1609, '25', '67', '1', '1', ''),
(1610, '27', '67', '1', '', ''),
(1611, '29', '67', '1', '1', ''),
(16112, '2', '68', '1', '', ''),
(16113, '4', '68', '1', '', ''),
(16114, '5', '68', '1', '', ''),
(16115, '6', '68', '1', '', ''),
(16116, '7', '68', '1', '', ''),
(16117, '8', '68', '1', '', ''),
(16118, '10', '68', '1', '', ''),
(16119, '12', '68', '1', '', ''),
(16120, '13', '68', '1', '1', ''),
(16121, '14', '68', '1', '', ''),
(16122, '15', '68', '1', '1', ''),
(16123, '16', '68', '1', '1', ''),
(16124, '17', '68', '1', '1', ''),
(16125, '18', '68', '1', '1', ''),
(16126, '19', '68', '1', '', ''),
(16127, '20', '68', '1', '1', ''),
(16128, '21', '68', '1', '1', ''),
(16129, '22', '68', '1', '', ''),
(16130, '23', '68', '1', '1', ''),
(16131, '25', '68', '1', '1', ''),
(16132, '27', '68', '1', '', ''),
(16133, '29', '68', '1', '1', '');
INSERT INTO `audiencia` (`id`, `id_usuario`, `id_minuta`, `asistencia`, `estatus`, `observacion`) VALUES
(16134, '3', '68', '0', '', ''),
(16135, '11', '68', '0', '', ''),
(16136, '30', '68', '0', '', ''),
(16137, '2', '69', '1', '', ''),
(16138, '3', '69', '0', '', ''),
(16139, '30', '69', '1', '', ''),
(16140, '4', '69', '1', '', ''),
(16141, '5', '69', '1', '1', ''),
(16142, '6', '69', '1', '', ''),
(16143, '7', '69', '1', '', ''),
(16144, '8', '69', '1', '', ''),
(16145, '10', '69', '0', '', ''),
(16146, '11', '69', '1', '1', ''),
(16147, '12', '69', '1', '', ''),
(16148, '13', '69', '1', '1', ''),
(16149, '14', '69', '1', '', ''),
(16150, '15', '69', '1', '1', ''),
(16151, '16', '69', '1', '1', ''),
(16152, '17', '69', '1', '1', ''),
(16153, '18', '69', '1', '1', ''),
(16154, '19', '69', '1', '1', ''),
(16155, '20', '69', '1', '1', ''),
(16156, '21', '69', '1', '1', ''),
(16157, '22', '69', '1', '', ''),
(16158, '23', '69', '1', '1', ''),
(16159, '25', '69', '1', '1', ''),
(16160, '27', '69', '1', '', ''),
(16161, '29', '69', '1', '1', ''),
(16162, '', '', '0', '0', ''),
(16163, '', '', '0', '', ''),
(16164, '2', '70', '1', '', ''),
(16165, '3', '70', '0', '', ''),
(16166, '30', '70', '1', '', ''),
(16167, '4', '70', '1', '', ''),
(16168, '5', '70', '1', '1', ''),
(16169, '6', '70', '1', '1', ''),
(16170, '7', '70', '1', '', ''),
(16171, '8', '70', '1', '', ''),
(16172, '10', '70', '1', '', ''),
(16173, '11', '70', '1', '', ''),
(16174, '12', '70', '1', '', ''),
(16175, '13', '70', '1', '1', ''),
(16176, '14', '70', '1', '', ''),
(16177, '15', '70', '1', '1', ''),
(16178, '16', '70', '1', '1', ''),
(16179, '17', '70', '1', '1', ''),
(16180, '18', '70', '0', '', ''),
(16181, '19', '70', '1', '', ''),
(16182, '20', '70', '1', '1', ''),
(16183, '21', '70', '1', '1', ''),
(16184, '22', '70', '0', '', ''),
(16185, '23', '70', '1', '1', ''),
(16186, '25', '70', '1', '1', ''),
(16187, '27', '70', '1', '', ''),
(16188, '29', '70', '1', '1', ''),
(161842, '2', '71', '1', '', ''),
(161843, '3', '71', '1', '', ''),
(161844, '30', '71', '1', '', ''),
(161845, '4', '71', '1', '', ''),
(161846, '5', '71', '1', '1', ''),
(161847, '6', '71', '1', '', ''),
(161848, '7', '71', '1', '', ''),
(161849, '8', '71', '1', '', ''),
(161850, '10', '71', '1', '', ''),
(161851, '11', '71', '0', '', ''),
(161852, '12', '71', '1', '', ''),
(161853, '13', '71', '1', '1', ''),
(161854, '14', '71', '1', '', ''),
(161855, '15', '71', '1', '1', ''),
(161856, '16', '71', '1', '1', ''),
(161857, '17', '71', '1', '1', ''),
(161858, '18', '71', '1', '1', ''),
(161859, '19', '71', '0', '', ''),
(161860, '20', '71', '1', '1', ''),
(161861, '21', '71', '1', '1', ''),
(161862, '22', '71', '1', '', ''),
(161863, '23', '71', '1', '1', ''),
(161864, '25', '71', '1', '1', ''),
(161865, '27', '71', '1', '', ''),
(161866, '29', '71', '1', '1', ''),
(161867, '2', '72', '0', '', ''),
(161868, '3', '72', '0', '', ''),
(161869, '30', '72', '1', '', ''),
(161870, '4', '72', '1', '', ''),
(161871, '5', '72', '1', '1', ''),
(161872, '6', '72', '1', '', ''),
(161873, '7', '72', '1', '', ''),
(161874, '8', '72', '1', '', ''),
(161875, '10', '72', '1', '', ''),
(161876, '11', '72', '1', '1', ''),
(161877, '12', '72', '1', '', ''),
(161878, '13', '72', '1', '1', ''),
(161879, '14', '72', '1', '', ''),
(161880, '15', '72', '1', '', ''),
(161881, '16', '72', '1', '1', ''),
(161882, '17', '72', '1', '', ''),
(161883, '18', '72', '1', '1', ''),
(161884, '19', '72', '1', '', ''),
(161885, '20', '72', '1', '1', ''),
(161886, '21', '72', '1', '1', ''),
(161887, '22', '72', '1', '', ''),
(161888, '23', '72', '1', '1', ''),
(161889, '25', '72', '1', '1', ''),
(161890, '27', '72', '1', '', ''),
(161891, '29', '72', '1', '1', ''),
(161892, '2', '73', '1', '', ''),
(161893, '3', '73', '0', '', ''),
(161894, '30', '73', '1', '', ''),
(161895, '4', '73', '1', '', ''),
(161896, '5', '73', '1', '1', ''),
(161897, '6', '73', '1', '', ''),
(161898, '7', '73', '1', '', ''),
(161899, '8', '73', '1', '', ''),
(161900, '10', '73', '1', '', ''),
(161901, '11', '73', '1', '1', ''),
(161902, '12', '73', '1', '', ''),
(161903, '13', '73', '1', '1', ''),
(161904, '14', '73', '1', '', ''),
(161905, '15', '73', '1', '', ''),
(161906, '16', '73', '1', '1', ''),
(161907, '17', '73', '1', '1', ''),
(161908, '18', '73', '1', '1', ''),
(161909, '19', '73', '1', '', ''),
(161910, '20', '73', '1', '1', ''),
(161911, '21', '73', '1', '1', ''),
(161912, '22', '73', '1', '', ''),
(161913, '23', '73', '1', '1', ''),
(161914, '25', '73', '1', '1', ''),
(161915, '27', '73', '1', '', ''),
(161916, '29', '73', '1', '1', ''),
(161917, '2', '74', '1', '', ''),
(161918, '3', '74', '1', '', ''),
(161919, '30', '74', '1', '', ''),
(161920, '4', '74', '1', '', ''),
(161921, '5', '74', '1', '1', ''),
(161922, '6', '74', '1', '', ''),
(161923, '7', '74', '1', '', ''),
(161924, '8', '74', '1', '', ''),
(161925, '10', '74', '0', '', ''),
(161926, '11', '74', '1', '1', ''),
(161927, '12', '74', '1', '', ''),
(161928, '14', '74', '1', '', ''),
(161929, '13', '74', '1', '1', ''),
(161930, '15', '74', '1', '', ''),
(161931, '16', '74', '1', '1', ''),
(161932, '17', '74', '1', '1', ''),
(161933, '18', '74', '1', '1', ''),
(161934, '19', '74', '1', '', ''),
(161935, '20', '74', '1', '1', ''),
(161936, '21', '74', '1', '', ''),
(161937, '22', '74', '1', '', ''),
(161938, '23', '74', '0', '', ''),
(161939, '25', '74', '1', '1', ''),
(161940, '27', '74', '1', '', ''),
(161941, '29', '74', '1', '1', ''),
(161942, '2', '75', '1', '', ''),
(161943, '3', '75', '1', '', ''),
(161944, '4', '75', '1', '', ''),
(161945, '30', '75', '1', '', ''),
(161946, '5', '75', '1', '', ''),
(161947, '6', '75', '1', '', ''),
(161948, '7', '75', '1', '', ''),
(161949, '8', '75', '1', '', ''),
(161950, '10', '75', '1', '', ''),
(161951, '11', '75', '1', '', ''),
(161952, '12', '75', '1', '', ''),
(161953, '31', '75', '1', '', ''),
(161954, '13', '75', '1', '1', ''),
(161955, '14', '75', '1', '', ''),
(161956, '15', '75', '1', '', ''),
(161957, '16', '75', '1', '1', ''),
(161958, '17', '75', '1', '', ''),
(161959, '18', '75', '1', '', ''),
(161960, '27', '75', '1', '', ''),
(161961, '19', '75', '1', '', ''),
(161962, '20', '75', '1', '1', ''),
(161963, '21', '75', '1', '', ''),
(161964, '22', '75', '0', '', ''),
(161965, '23', '75', '1', '', ''),
(161966, '25', '75', '1', '1', ''),
(161967, '29', '75', '1', '1', ''),
(161968, '2', '76', '1', '', ''),
(161969, '3', '76', '0', '', ''),
(161970, '4', '76', '1', '', ''),
(161971, '30', '76', '1', '', ''),
(161972, '5', '76', '1', '1', ''),
(161973, '6', '76', '1', '', ''),
(161974, '7', '76', '1', '', ''),
(161975, '8', '76', '1', '', ''),
(161976, '10', '76', '1', '', ''),
(161977, '11', '76', '1', '1', ''),
(161978, '12', '76', '1', '', ''),
(161979, '31', '76', '1', '', ''),
(161980, '13', '76', '1', '1', ''),
(161981, '14', '76', '1', '', ''),
(161983, '15', '76', '1', '', ''),
(161984, '16', '76', '1', '1', ''),
(161985, '17', '76', '1', '1', ''),
(161986, '18', '76', '1', '1', ''),
(161987, '27', '76', '1', '', ''),
(161990, '19', '76', '1', '', ''),
(161991, '20', '76', '1', '1', ''),
(161992, '21', '76', '1', '1', ''),
(161993, '22', '76', '1', '', ''),
(161994, '23', '76', '1', '1', ''),
(161995, '25', '76', '1', '1', ''),
(161996, '29', '76', '1', '1', ''),
(161997, '2', '79', '0', '', ''),
(161998, '3', '79', '0', '', ''),
(161999, '4', '79', '1', '', ''),
(162000, '30', '79', '1', '', ''),
(162001, '5', '79', '0', '', ''),
(162002, '6', '79', '1', '', ''),
(162003, '7', '79', '1', '1', ''),
(162004, '8', '79', '1', '', ''),
(162005, '10', '79', '1', '', ''),
(162006, '11', '79', '1', '1', ''),
(162007, '12', '79', '1', '', ''),
(162008, '31', '79', '1', '', ''),
(162009, '13', '79', '1', '1', ''),
(162010, '14', '79', '1', '', ''),
(162011, '15', '79', '1', '', ''),
(162012, '16', '79', '1', '', ''),
(162013, '17', '79', '1', '1', ''),
(162014, '18', '79', '1', '1', ''),
(162015, '27', '79', '1', '', ''),
(162016, '19', '79', '1', '', ''),
(162017, '20', '79', '1', '1', ''),
(162018, '21', '79', '1', '1', ''),
(162019, '22', '79', '1', '', ''),
(162020, '23', '79', '1', '1', ''),
(162021, '25', '79', '1', '1', ''),
(162022, '29', '79', '1', '1', ''),
(162023, '2', '80', '1', '', ''),
(162024, '3', '80', '0', '', ''),
(162025, '4', '80', '1', '', ''),
(162026, '30', '80', '0', '', ''),
(162027, '5', '80', '0', '', ''),
(162028, '7', '80', '1', '', ''),
(162029, '8', '80', '1', '', ''),
(162030, '10', '80', '1', '', ''),
(162031, '11', '80', '1', '1', ''),
(162032, '12', '80', '1', '', ''),
(162033, '31', '80', '1', '', ''),
(162034, '13', '80', '1', '1', ''),
(162035, '14', '80', '1', '', ''),
(162036, '15', '80', '1', '', ''),
(162037, '16', '80', '1', '', ''),
(162038, '17', '80', '1', '', ''),
(162039, '18', '80', '1', '1', ''),
(162040, '27', '80', '1', '', ''),
(162041, '19', '80', '1', '', ''),
(162042, '20', '80', '1', '1', ''),
(162043, '21', '80', '1', '1', ''),
(162044, '22', '80', '1', '', ''),
(162045, '23', '80', '1', '1', ''),
(162046, '25', '80', '1', '1', ''),
(162047, '29', '80', '1', '1', ''),
(162049, '2', '81', '1', '', ''),
(162050, '3', '81', '0', '', ''),
(162051, '4', '81', '1', '', ''),
(162052, '30', '81', '1', '', ''),
(162053, '5', '81', '0', '', ''),
(162054, '6', '81', '1', '', ''),
(162055, '7', '81', '1', '', ''),
(162056, '8', '81', '1', '', ''),
(162057, '10', '81', '1', '', ''),
(162058, '11', '81', '1', '1', ''),
(162059, '12', '81', '1', '', ''),
(162060, '31', '81', '1', '', ''),
(162061, '13', '81', '1', '1', ''),
(162062, '14', '81', '1', '', ''),
(162063, '15', '81', '1', '', ''),
(162064, '16', '81', '1', '', ''),
(162065, '17', '81', '1', '', ''),
(162066, '18', '81', '1', '', ''),
(162067, '27', '81', '1', '', ''),
(162068, '19', '81', '1', '', ''),
(162069, '20', '81', '1', '1', ''),
(162070, '21', '81', '1', '1', ''),
(162071, '22', '81', '1', '', ''),
(162072, '23', '81', '1', '1', ''),
(162073, '25', '81', '1', '1', ''),
(162074, '29', '81', '1', '1', ''),
(162075, '2', '82', '1', '', ''),
(162076, '3', '82', '0', '', ''),
(162077, '4', '82', '1', '', ''),
(162078, '30', '82', '1', '', ''),
(162079, '5', '82', '0', '', ''),
(162080, '6', '82', '1', '', ''),
(162081, '7', '82', '1', '', ''),
(162082, '8', '82', '1', '', ''),
(162083, '10', '82', '1', '', ''),
(162084, '11', '82', '0', '', ''),
(162085, '12', '82', '1', '', ''),
(162086, '31', '82', '1', '', ''),
(162087, '13', '82', '1', '1', ''),
(162088, '14', '82', '1', '', ''),
(162089, '15', '82', '0', '', ''),
(162090, '16', '82', '1', '', ''),
(162091, '17', '82', '1', '', ''),
(162092, '18', '82', '1', '1', ''),
(162093, '27', '82', '1', '', ''),
(162094, '19', '82', '1', '', ''),
(162095, '20', '82', '1', '1', ''),
(162096, '21', '82', '1', '1', ''),
(162097, '22', '82', '1', '', ''),
(162098, '23', '82', '1', '', ''),
(162099, '25', '82', '1', '1', ''),
(162100, '29', '82', '1', '1', ''),
(162101, '2', '83', '1', '', ''),
(162102, '4', '83', '1', '', ''),
(162103, '5', '83', '1', '', ''),
(162104, '6', '83', '1', '', ''),
(162105, '7', '83', '1', '', ''),
(162106, '8', '83', '1', '', ''),
(162107, '13', '83', '1', '', ''),
(162108, '14', '83', '1', '', ''),
(162109, '16', '83', '1', '', ''),
(162110, '17', '83', '1', '', ''),
(162111, '21', '83', '1', '', ''),
(162112, '22', '83', '1', '', ''),
(162113, '25', '83', '1', '', ''),
(162114, '27', '83', '1', '', ''),
(162115, '29', '83', '1', '', ''),
(162116, '30', '83', '1', '', ''),
(162117, '31', '83', '1', '', ''),
(162118, '3', '83', '0', '', ''),
(162119, '10', '83', '0', '', ''),
(162120, '11', '83', '0', '', ''),
(162121, '12', '83', '0', '', ''),
(162122, '15', '83', '0', '', ''),
(162123, '18', '83', '0', '', ''),
(162124, '19', '83', '0', '', ''),
(162125, '20', '83', '0', '', ''),
(162126, '23', '83', '0', '', ''),
(162127, '2', '84', '1', '', ''),
(162128, '3', '84', '0', '', ''),
(162129, '4', '84', '1', '', ''),
(162130, '30', '84', '1', '', ''),
(162131, '5', '84', '1', '1', ''),
(162132, '6', '84', '1', '', ''),
(162133, '7', '84', '1', '', ''),
(162134, '8', '84', '1', '', ''),
(162135, '10', '84', '0', '', ''),
(162136, '11', '84', '0', '', ''),
(162137, '12', '84', '0', '', ''),
(162138, '31', '84', '1', '', ''),
(162139, '13', '84', '1', '', ''),
(162140, '14', '84', '1', '', ''),
(162141, '15', '84', '0', '', ''),
(162142, '16', '84', '1', '', ''),
(162143, '17', '84', '1', '', ''),
(162144, '18', '84', '0', '', ''),
(162145, '27', '84', '1', '', ''),
(162146, '19', '84', '0', '', ''),
(162147, '20', '84', '0', '', ''),
(162148, '21', '84', '1', '1', ''),
(162149, '22', '84', '1', '', ''),
(162150, '23', '84', '0', '', ''),
(162151, '25', '84', '1', '1', ''),
(162152, '29', '84', '1', '1', ''),
(162153, '2', '85', '1', '', ''),
(162154, '4', '85', '1', '', ''),
(162155, '5', '85', '1', '', ''),
(162156, '6', '85', '1', '', ''),
(162157, '7', '85', '1', '', ''),
(162158, '8', '85', '1', '', ''),
(162159, '10', '85', '1', '', ''),
(162160, '11', '85', '1', '', ''),
(162161, '12', '85', '1', '', ''),
(162162, '13', '85', '1', '', ''),
(162163, '14', '85', '1', '', ''),
(162164, '15', '85', '1', '', ''),
(162165, '16', '85', '1', '', ''),
(162166, '17', '85', '1', '', ''),
(162167, '18', '85', '1', '', ''),
(162168, '19', '85', '1', '', ''),
(162169, '20', '85', '1', '', ''),
(162170, '21', '85', '1', '', ''),
(162171, '22', '85', '1', '', ''),
(162172, '25', '85', '1', '', ''),
(162173, '27', '85', '1', '', ''),
(162174, '29', '85', '1', '', ''),
(162175, '30', '85', '1', '', ''),
(162176, '31', '85', '1', '', ''),
(162177, '3', '85', '0', '', ''),
(162178, '23', '85', '0', '', '');

-- --------------------------------------------------------

--
-- Estructura de tabla para la tabla `categoria`
--

DROP TABLE IF EXISTS `categoria`;
CREATE TABLE IF NOT EXISTS `categoria` (
  `id` int(11) NOT NULL AUTO_INCREMENT,
  `nombre` varchar(255) NOT NULL,
  `id_seccion` varchar(255) NOT NULL,
  `orden_categoria` varchar(255) NOT NULL,
  PRIMARY KEY (`id`)
) ENGINE=MyISAM AUTO_INCREMENT=12 DEFAULT CHARSET=latin1;

--
-- Volcado de datos para la tabla `categoria`
--

INSERT INTO `categoria` (`id`, `nombre`, `id_seccion`, `orden_categoria`) VALUES
(1, 'Compromisos Previos', '1', '1'),
(2, 'Temas Diversos', '2', '4'),
(3, 'Temas Financieros', '2', '2'),
(4, 'Temas de Alineación', '2', '3'),
(5, 'Urgente salir de agenda', '2', '5'),
(6, 'Temas Reabiertos', '2', '7'),
(7, 'Agenda: Dirección General', '2', '9'),
(8, 'Revisión de temas', '3', '10'),
(9, 'Revisión de temas', '3', '11'),
(10, 'Indicadores', '2', '8'),
(11, 'Requerimientos', '2', '6');

-- --------------------------------------------------------

--
-- Estructura de tabla para la tabla `doctrine_migration_versions`
--

DROP TABLE IF EXISTS `doctrine_migration_versions`;
CREATE TABLE IF NOT EXISTS `doctrine_migration_versions` (
  `version` varchar(191) COLLATE utf8_unicode_ci NOT NULL,
  `executed_at` datetime DEFAULT NULL,
  `execution_time` int(11) DEFAULT NULL,
  PRIMARY KEY (`version`)
) ENGINE=InnoDB DEFAULT CHARSET=utf8 COLLATE=utf8_unicode_ci;

--
-- Volcado de datos para la tabla `doctrine_migration_versions`
--

INSERT INTO `doctrine_migration_versions` (`version`, `executed_at`, `execution_time`) VALUES
('DoctrineMigrations\\Version20220129010723', '2022-01-29 02:07:44', 36),
('DoctrineMigrations\\Version20220129010738', '2022-01-29 02:07:44', 8),
('DoctrineMigrations\\Version20220129010817', '2022-01-29 02:08:23', 30),
('DoctrineMigrations\\Version20220129010853', '2022-01-29 02:09:01', 31),
('DoctrineMigrations\\Version20220129010949', '2022-01-29 02:09:55', 32),
('DoctrineMigrations\\Version20220129011022', '2022-01-29 02:10:28', 32),
('DoctrineMigrations\\Version20220129011106', '2022-01-29 02:11:14', 29),
('DoctrineMigrations\\Version20220129011156', '2022-01-29 02:12:04', 31);

-- --------------------------------------------------------

--
-- Estructura de tabla para la tabla `estatus_minuta`
--

DROP TABLE IF EXISTS `estatus_minuta`;
CREATE TABLE IF NOT EXISTS `estatus_minuta` (
  `id` int(11) NOT NULL AUTO_INCREMENT,
  `nombre` varchar(255) COLLATE utf8mb4_unicode_ci NOT NULL,
  PRIMARY KEY (`id`)
) ENGINE=InnoDB AUTO_INCREMENT=6 DEFAULT CHARSET=utf8mb4 COLLATE=utf8mb4_unicode_ci;

--
-- Volcado de datos para la tabla `estatus_minuta`
--

INSERT INTO `estatus_minuta` (`id`, `nombre`) VALUES
(1, 'En proceso (en tiempo)'),
(2, 'En proceso (retraso)'),
(3, 'En proceso (fuera de tiempo)'),
(4, 'Por definir'),
(5, 'Semanal');

-- --------------------------------------------------------

--
-- Estructura de tabla para la tabla `minuta`
--

DROP TABLE IF EXISTS `minuta`;
CREATE TABLE IF NOT EXISTS `minuta` (
  `id` int(11) NOT NULL AUTO_INCREMENT,
  `objetivo` varchar(255) NOT NULL,
  `fecha_inicio` varchar(255) NOT NULL,
  `fecha_fin` varchar(255) NOT NULL,
  `proxima_reunion` varchar(255) NOT NULL,
  `itinerario` varchar(5000) NOT NULL,
  `autorizacion` varchar(255) NOT NULL,
  `estatus` varchar(255) NOT NULL,
  PRIMARY KEY (`id`)
) ENGINE=MyISAM AUTO_INCREMENT=86 DEFAULT CHARSET=latin1;

--
-- Volcado de datos para la tabla `minuta`
--

INSERT INTO `minuta` (`id`, `objetivo`, `fecha_inicio`, `fecha_fin`, `proxima_reunion`, `itinerario`, `autorizacion`, `estatus`) VALUES
(1, 'Propuesta y solución a temas relacionados con Construcción y Áreas Transversales', '2020-06-15 08:00:00', '09:45:00', '2020-06-22 00:00:00', '<h2><strong>1. Agenda de Direcci&oacute;n General</strong></h2>\r\n\r\n<ul>\r\n	<li>\r\n	<p>Seguimiento</p>\r\n\r\n	<ul>\r\n		<li>\r\n		<p>Requerimientos</p>\r\n		</li>\r\n	</ul>\r\n	</li>\r\n	<li>Licitaciones</li>\r\n	<li>\r\n	<p>APP&#39;s: INFRAVIAL - PROINFRA - Concesionaria</p>\r\n	</li>\r\n	<li>\r\n	<p>OENE semanal</p>\r\n	</li>\r\n	<li>\r\n	<p>Contingencia COVID - 19</p>\r\n	</li>\r\n</ul>\r\n\r\n<h2><strong>2. Revisi&oacute;n de temas 15 - Jun - 2020</strong></h2>\r\n\r\n<ul>\r\n	<li>Proyecto Dos Bocas</li>\r\n</ul>', '1', '1'),
(3, 'Propuesta y solución a temas relacionados con Construcción y Áreas Transversales', '2020-06-22 08:00:00', '09:00:00', '2020-06-29 00:00:00', '<h2><strong>1. Agenda de Direcci&oacute;n General</strong></h2>\r\n\r\n<ul>\r\n	<li>\r\n	<p>Seguimiento</p>\r\n\r\n	<ul>\r\n		<li>\r\n		<p>Requerimientos</p>\r\n		</li>\r\n	</ul>\r\n	</li>\r\n	<li>\r\n	<p>Licitaciones</p>\r\n	</li>\r\n	<li>\r\n	<p>APP&#39;s: INFRAVIAL - PROINFRA - Concesionaria</p>\r\n	</li>\r\n	<li>\r\n	<p>OENE semanal</p>\r\n	</li>\r\n	<li>\r\n	<p>Contingencia COVID - 19</p>\r\n	</li>\r\n</ul>\r\n\r\n<h2><strong>2. Revisi&oacute;n de temas 22 - Jun - 2020</strong></h2>\r\n\r\n<ul>\r\n	<li>Proyecto Dos Bocas</li>\r\n</ul>', '1', '1'),
(4, 'Propuesta y solución a temas relacionados con Construcción y Áreas Transversales', '2020-06-29 08:00:00', '09:30:00', '2020-07-06 00:00:00', '<h2><strong>1. Agenda de Direcci&oacute;n General</strong></h2>\r\n\r\n<ul>\r\n	<li>\r\n	<p>Seguimiento</p>\r\n\r\n	<ul>\r\n		<li>\r\n		<p>Requerimientos</p>\r\n		</li>\r\n	</ul>\r\n	</li>\r\n	<li>\r\n	<p>Licitaciones</p>\r\n	</li>\r\n	<li>\r\n	<p>APP&#39;s: INFRAVIAL - PROINFRA - Concesionaria</p>\r\n	</li>\r\n	<li>\r\n	<p>OENE semanal</p>\r\n	</li>\r\n	<li>\r\n	<p>Contingencia COVID - 19</p>\r\n	</li>\r\n</ul>\r\n\r\n<h2><strong>2. Revisi&oacute;n de temas 29 - Jun - 2020</strong></h2>\r\n\r\n<ul>\r\n	<li>Proyecto Dos Bocas</li>\r\n	<li>Fianza de Fidelidad</li>\r\n</ul>', '1', '1'),
(5, 'Propuesta y solución a temas relacionados con Construcción y Áreas Transversales', '2020-07-06 08:00:00', '09:40:00', '2020-07-13 00:00:00', '<h2><strong>1. Agenda de Direcci&oacute;n General</strong></h2>\r\n\r\n<ul>\r\n	<li>\r\n	<p>Seguimiento</p>\r\n\r\n	<ul>\r\n		<li>\r\n		<p>Requerimientos</p>\r\n		</li>\r\n	</ul>\r\n	</li>\r\n	<li>Licitaciones</li>\r\n	<li>APP&#39;s: INFRAVIAL-PROINFRA-Concesionaria</li>\r\n	<li>OENE semanal</li>\r\n	<li>Contingencia COVID-19</li>\r\n	<li>Proyecto Dos Bocas</li>\r\n</ul>\r\n\r\n<h2><strong>2. Revisi&oacute;n de temas 06 - Jul - 2020</strong></h2>', '1', '1'),
(6, 'Propuesta y solución a temas relacionados con Construcción y Áreas Transversales', '2020-07-13 08:00:00', '09:30:00', '2020-07-20 00:00:00', '<h2><strong>1. Agenda Direcci&oacute;n General</strong></h2>\r\n\r\n<ul>\r\n	<li>\r\n	<p>Seguimiento</p>\r\n\r\n	<ul>\r\n		<li>\r\n		<p>Requerimientos</p>\r\n		</li>\r\n	</ul>\r\n	</li>\r\n	<li>\r\n	<p>Licitaciones</p>\r\n	</li>\r\n	<li>\r\n	<p>OENE semanal</p>\r\n	</li>\r\n	<li>\r\n	<p>Contingencia COVID - 19</p>\r\n	</li>\r\n	<li>\r\n	<p>Proyecto Dos Bocas</p>\r\n	</li>\r\n</ul>\r\n\r\n<h2><strong>2. Revisi&oacute;n de temas 13 - Jul - 2020</strong></h2>\r\n\r\n<ul>\r\n	<li>Fianza de Fidelidad</li>\r\n</ul>', '1', '1'),
(7, 'Propuesta y solución a temas relacionados con Construcción y Áreas Transversales', '2020-07-20 08:00:00', '10:00:00', '2020-07-27 00:00:00', '<h2><strong>1. Agenda de Direcci&oacute;n General</strong></h2>\r\n\r\n<ul>\r\n	<li>\r\n	<p>Seguimiento</p>\r\n\r\n	<ul>\r\n		<li>\r\n		<p>Requerimientos</p>\r\n		</li>\r\n	</ul>\r\n	</li>\r\n	<li>\r\n	<p>Licitaciones</p>\r\n	</li>\r\n	<li>APP&acute;s: INFRAVIAL - PROINFRA - Concesionaria</li>\r\n	<li>OENE semanal</li>\r\n	<li>Contingencia COVID - 19</li>\r\n	<li>Proyecto Dos Bocas</li>\r\n</ul>\r\n\r\n<h2><strong>2. Revisi&oacute;n de temas 20 - Jul - 2020</strong></h2>', '1', '1'),
(8, 'Propuesta y solución a temas relacionados con Construcción y Áreas Transversales', '2020-07-27 08:00:00', '09:45:00', '2020-08-03 00:00:00', '<h2><strong>1. Agenda de Direcci&oacute;n General</strong></h2>\r\n\r\n<ul>\r\n	<li>\r\n	<p>Seguimiento</p>\r\n\r\n	<ul>\r\n		<li>\r\n		<p>Requerimientos</p>\r\n		</li>\r\n	</ul>\r\n	</li>\r\n	<li>\r\n	<p>Pol&iacute;tica de Subcontrataci&oacute;n&nbsp;</p>\r\n	</li>\r\n	<li>\r\n	<p>Licitaciones</p>\r\n	</li>\r\n	<li>\r\n	<p>OENE Semanal</p>\r\n	</li>\r\n	<li>\r\n	<p>Contingencia COVID - 19</p>\r\n	</li>\r\n	<li>\r\n	<p>Proyecto Dos Bocas</p>\r\n	</li>\r\n	<li>\r\n	<p>Fianza de Fidelidad</p>\r\n	</li>\r\n</ul>\r\n\r\n<h2><strong>2. Revisi&oacute;n de temas 27 - Jul - 2020</strong></h2>', '1', '1'),
(9, 'Propuesta y solución a temas relacionados con Construcción y Áreas Transversales', '2020-08-03 08:00:00', '09:15:00', '2020-08-10 00:00:00', '<h2><strong>1. Agenda de Direcci&oacute;n General</strong></h2>\r\n\r\n<ul>\r\n	<li>\r\n	<p>Seguimiento</p>\r\n\r\n	<ul>\r\n		<li>\r\n		<p>Requerimientos</p>\r\n		</li>\r\n	</ul>\r\n	</li>\r\n	<li>\r\n	<p>Licitaciones&nbsp;</p>\r\n	</li>\r\n	<li>\r\n	<p>APP&acute;s: INFRAVIAL - PROINFRA - Concesionaria</p>\r\n	</li>\r\n	<li>\r\n	<p>OENE semanal</p>\r\n	</li>\r\n	<li>\r\n	<p>Contingencia COVID - 19</p>\r\n	</li>\r\n	<li>\r\n	<p>Proyecto Dos Bocas</p>\r\n	</li>\r\n</ul>\r\n\r\n<h2><strong>2. Revisi&oacute;n de temas 03 - Ago - 2020</strong></h2>', '1', '1'),
(10, 'Propuesta y solución a temas relacionados con Construcción y Áreas Transversales', '2020-08-10 08:00:00', '09:10:00', '2020-08-17 00:00:00', '<h2><strong>1. Agenda de Direcci&oacute;n General</strong></h2>\r\n\r\n<ul>\r\n	<li>\r\n	<p>Seguimiento</p>\r\n\r\n	<ul>\r\n		<li>\r\n		<p>Requerimientos</p>\r\n		</li>\r\n	</ul>\r\n	</li>\r\n	<li>\r\n	<p>Licitaciones</p>\r\n	</li>\r\n	<li>\r\n	<p>APP&#39;s: INFRAVIAL - PROINFRA - Concesionaria</p>\r\n	</li>\r\n	<li>\r\n	<p>OENE semanal</p>\r\n	</li>\r\n	<li>\r\n	<p>Contingencia COVID - 19</p>\r\n	</li>\r\n	<li>\r\n	<p>Proyecto Dos Bocas</p>\r\n	</li>\r\n</ul>\r\n\r\n<h2><strong>2. Revisi&oacute;n de temas 10 - Ago - 2020</strong></h2>', '1', '1'),
(11, 'Propuesta y solución a temas relacionados con Construcción y Áreas Transversales', '2020-08-17 08:00:00', '09:25:00', '2020-08-24 00:00:00', '<h2><strong>1. Agenda de Direcci&oacute;n General</strong></h2>\r\n\r\n<ul>\r\n	<li>\r\n	<p>Seguimiento</p>\r\n\r\n	<ul>\r\n		<li>\r\n		<p>Requerimientos</p>\r\n		</li>\r\n	</ul>\r\n	</li>\r\n	<li>\r\n	<p>Licitaciones</p>\r\n	</li>\r\n	<li>\r\n	<p>OENE semanal</p>\r\n	</li>\r\n	<li>\r\n	<p>Contingencia COVID - 19</p>\r\n	</li>\r\n	<li>\r\n	<p>Proyecto Dos Bocas</p>\r\n	</li>\r\n</ul>\r\n\r\n<h2><strong>2. Revisi&oacute;n de temas 17 - Ago - 2020</strong></h2>', '1', '1'),
(12, 'Propuesta y solución a temas relacionados con Construcción y Áreas Transversales', '2020-08-24 08:00:00', '09:35:00', '2020-08-31 00:00:00', '<h2><strong>1. Agenda de Direcci&oacute;n General</strong></h2>\r\n\r\n<ul>\r\n	<li>\r\n	<p>Seguimiento</p>\r\n\r\n	<ul>\r\n		<li>\r\n		<p>Requerimientos</p>\r\n		</li>\r\n	</ul>\r\n	</li>\r\n	<li>\r\n	<p>Licitaciones</p>\r\n	</li>\r\n	<li>\r\n	<p>OENE semanal</p>\r\n	</li>\r\n	<li>\r\n	<p>Contingencia COVID - 19</p>\r\n	</li>\r\n	<li>\r\n	<p>Proyecto Dos Bocas</p>\r\n	</li>\r\n</ul>\r\n\r\n<h2><strong>2. Revisi&oacute;n de temas 24 - ago - 2020</strong></h2>', '1', '1'),
(13, 'Propuesta y solución a temas relacionados con Construcción y Áreas Transversales', '2020-08-31 08:00:00', '09:35:00', '2020-09-07 00:00:00', '<h2><strong>1. Agenda de Direcci&oacute;n General</strong></h2>\r\n\r\n<ul>\r\n	<li>\r\n	<p>Seguimiento</p>\r\n\r\n	<ul>\r\n		<li>\r\n		<p>Requerimientos</p>\r\n		</li>\r\n	</ul>\r\n	</li>\r\n	<li>\r\n	<p>Pol&iacute;tica de contrataci&oacute;n de Subcontratistas</p>\r\n	</li>\r\n	<li>Licitaciones</li>\r\n	<li>APP&#39;s: INFRAVIAL - PROINFRA - Concesionaria</li>\r\n	<li>OENE semanal</li>\r\n	<li>Contingencia COVID - 19</li>\r\n	<li>Proyecto Dos Bocas\r\n	<ul>\r\n		<li>Control del producto del proyeto de Dos Bocas mes de Julio del 2020</li>\r\n	</ul>\r\n	</li>\r\n</ul>\r\n\r\n<h2><strong>2. Revisi&oacute;n de temas 31 - Ago - 2020</strong></h2>', '1', '1'),
(14, 'Propuesta y solución a temas relacionados con Construcción y Áreas Transversales', '2020-09-07 08:00:00', '09:40:00', '2020-09-14 00:00:00', '<h2><strong>1. Agenda de Direcci&oacute;n General</strong></h2>\r\n\r\n<ul>\r\n	<li>\r\n	<p>Seguimiento</p>\r\n\r\n	<ul>\r\n		<li>\r\n		<p>Requerimientos</p>\r\n		</li>\r\n	</ul>\r\n	</li>\r\n	<li>\r\n	<p>Licitaciones</p>\r\n	</li>\r\n	<li>\r\n	<p>APP&#39;s:&nbsp;INFRAVIAL-PROINFRA-Concesionaria</p>\r\n	</li>\r\n	<li>\r\n	<p>OENE semanal</p>\r\n	</li>\r\n	<li>\r\n	<p>Contingencia COVID-19</p>\r\n	</li>\r\n	<li>\r\n	<p>Proyecto Dos Bocas</p>\r\n	</li>\r\n</ul>\r\n\r\n<h2><strong>2. Revisi&oacute;n de temas 07 - Sep - 2020</strong></h2>', '1', '1'),
(15, 'Propuesta y solución a temas relacionados con Construcción y Áreas Transversales', '2020-09-14 08:00:00', '09:30:00', '2020-09-21 00:00:00', '<h2><strong>1. Agenda de Direcci&oacute;n General</strong></h2>\r\n\r\n<ul>\r\n	<li>\r\n	<p>Seguimiento</p>\r\n\r\n	<ul>\r\n		<li>\r\n		<p>Requerimientos</p>\r\n		</li>\r\n	</ul>\r\n	</li>\r\n	<li>\r\n	<p>Licitaciones</p>\r\n	</li>\r\n	<li>\r\n	<p>APP&acute;s: INFRAVIAL-PROINFRA-Concesionaria</p>\r\n	</li>\r\n	<li>\r\n	<p>OENE semanal</p>\r\n	</li>\r\n	<li>\r\n	<p>Contingencia COVID-19</p>\r\n	</li>\r\n	<li>\r\n	<p>Proyecto Dos Bocas</p>\r\n	</li>\r\n</ul>\r\n\r\n<h2><strong>2. Revisi&oacute;n de temas 14 - Sep - 2020</strong></h2>', '1', '1'),
(16, 'Propuesta y solución a temas relacionados con Construcción y Áreas Transversales', '2020-09-21 08:00:00', '09:30:00', '2020-09-28 00:00:00', '<h2><strong>1. Agenda de Direcci&oacute;n General</strong></h2>\r\n\r\n<ul>\r\n	<li>\r\n	<p>Seguimiento</p>\r\n\r\n	<ul>\r\n		<li>\r\n		<p>Requerimientos</p>\r\n		</li>\r\n	</ul>\r\n	</li>\r\n	<li>\r\n	<p>Licitaciones</p>\r\n	</li>\r\n	<li>\r\n	<p>OENE semanal</p>\r\n	</li>\r\n	<li>\r\n	<p>Contingencia COVID-19</p>\r\n	</li>\r\n	<li>\r\n	<p>Proyecto Dos Bocas</p>\r\n	</li>\r\n</ul>\r\n\r\n<h2><strong>2. Revisi&oacute;n de temas 21 - Sep - 2020</strong></h2>', '1', '1'),
(17, 'Propuesta y solución a temas relacionados con Construcción y Áreas Transversales', '2020-09-28 08:00:00', '10:20:00', '2020-10-05 00:00:00', '<h2><strong>1. Agenda de Direcci&oacute;n General</strong></h2>\r\n\r\n<ul>\r\n	<li>\r\n	<p>Seguimiento</p>\r\n\r\n	<ul>\r\n		<li>\r\n		<p>Requerimientos</p>\r\n		</li>\r\n	</ul>\r\n	</li>\r\n	<li>Reporte de Subcontratistas</li>\r\n	<li>Licitaciones</li>\r\n	<li>OENE semanal</li>\r\n	<li>Contingencia COVID &ndash; 19</li>\r\n	<li>Proyecto Dos Bocas</li>\r\n</ul>\r\n\r\n<p>&nbsp;</p>\r\n\r\n<h2><strong>2. Revisi&oacute;n de temas 28 - sep - 2020</strong></h2>', '1', '1'),
(18, 'Propuesta y solución a temas relacionados con Construcción y Áreas Transversales', '2020-10-05 08:00:00', '09:30:00', '2020-10-12 00:00:00', '<h2><strong>1. Agenda de Direcci&oacute;n General</strong></h2>\r\n\r\n<ul>\r\n	<li>Seguimiento\r\n	<ul>\r\n		<li>Requerimientos</li>\r\n	</ul>\r\n	</li>\r\n	<li>Reporte de Subcontratistas</li>\r\n	<li>Licitaciones</li>\r\n	<li>OENE semanal</li>\r\n	<li>Contingencia COVID-19</li>\r\n	<li>Proyecto Dos Bocas</li>\r\n</ul>\r\n\r\n<h2><strong>2. Revisi&oacute;n de temas 05 - Oct - 2020</strong></h2>', '1', '1'),
(19, 'Propuesta y solución a temas relacionados con Construcción y Áreas Transversales', '2020-10-12 08:00:00', '10:20:00', '2020-10-19 00:00:00', '<h2><strong>1. Agenda de Direcci&oacute;n General</strong></h2>\r\n\r\n<ul>\r\n	<li>Seguimiento\r\n	<ul>\r\n		<li>Requerimientos</li>\r\n	</ul>\r\n	</li>\r\n	<li>Licitaciones</li>\r\n	<li>OENE semanal</li>\r\n	<li>Contingencia COVID-19</li>\r\n</ul>\r\n\r\n<h2><strong>2. Revisi&oacute;n de temas 12 - Oct - 2020</strong></h2>\r\n\r\n<ul>\r\n	<li>Proyectos</li>\r\n</ul>', '1', '1'),
(20, 'Propuesta y solución a temas relacionados con Construcción y Áreas Transversales', '2020-10-19 08:00:00', '09:40:00', '2020-10-26 00:00:00', '<h2><strong>1. Agenda de Direcci&oacute;n General</strong></h2>\r\n\r\n<ul>\r\n	<li>Seguimiento\r\n	<ul>\r\n		<li>Requerimientos</li>\r\n	</ul>\r\n	</li>\r\n	<li>Licitaciones</li>\r\n	<li>OENE semanal</li>\r\n	<li>Contingencia COVID-19</li>\r\n	<li>Proyecto Dos Bocas</li>\r\n</ul>\r\n\r\n<h2><strong>2. Revisi&oacute;n de temas 19 - 10 - 2020</strong></h2>\r\n\r\n<ul>\r\n	<li>Proyectos</li>\r\n</ul>', '1', '1'),
(21, 'Propuesta y solución a temas relacionados con Construcción y Áreas Transversales', '2020-10-26 08:00:00', '09:10:00', '2020-11-02 00:00:00', '<h2><strong>1. Direcci&oacute;n General</strong></h2>\r\n\r\n<ul>\r\n	<li>Seguimiento\r\n	<ul>\r\n		<li>Requerimientos</li>\r\n	</ul>\r\n	</li>\r\n	<li>Reporte de Subcontratistas</li>\r\n	<li>Licitaciones</li>\r\n	<li>OENE semanal</li>\r\n	<li>Contingencia COVID-19</li>\r\n	<li>Proyecto Dos Bocas</li>\r\n</ul>\r\n\r\n<h2><strong>2. Revisi&oacute;n de temas 26 - Oct - 2020</strong></h2>', '1', '1'),
(22, 'Propuesta y solución a temas relacionados con Construcción y Áreas Transversales', '2020-11-02 08:00:00', '09:30:00', '2020-11-09 00:00:00', '<h2><strong>1. Agenda de Direcci&oacute;n General</strong></h2>\r\n\r\n<ul>\r\n	<li>Seguimiento\r\n	<ul>\r\n		<li>Requerimientos</li>\r\n	</ul>\r\n	</li>\r\n	<li>Licitaciones</li>\r\n	<li>OENE semanal</li>\r\n	<li>Contingencia COVID-19</li>\r\n	<li>Proyecto Dos Bocas</li>\r\n</ul>\r\n\r\n<h2><strong>2. Revisi&oacute;n de temas 02 - Nov - 2020</strong></h2>', '1', '1'),
(23, 'Propuesta y solución a temas relacionados con Construcción y Áreas Transversales', '2020-11-09 08:00:00', '09:15:00', '2020-11-16 00:00:00', '<h2><strong>1. Agenda de Direcci&oacute;n General</strong></h2>\r\n\r\n<ul>\r\n	<li>Seguimiento\r\n	<ul>\r\n		<li>Requerimientos</li>\r\n	</ul>\r\n	</li>\r\n	<li>Reporte de Subcontratistas</li>\r\n	<li>Cat&aacute;logo de Subcontratistas</li>\r\n	<li>Licitaciones</li>\r\n	<li>OENE semanal</li>\r\n	<li>Contingencia COVID-19</li>\r\n	<li>Proyecto Dos Bocas</li>\r\n</ul>\r\n\r\n<h2><strong>2. Revisi&oacute;n de temas 9 - Nov - 2020</strong></h2>', '1', '1'),
(24, 'Propuesta y solución a temas relacionados con Construcción y Áreas Transversales', '2020-11-17 08:00:00', '09:20:00', '2020-11-23 00:00:00', '<h2><strong>1. Agenda de Direcci&oacute;n General</strong></h2>\r\n\r\n<ul>\r\n	<li>Seguimiento\r\n	<ul>\r\n		<li>Requerimientos</li>\r\n	</ul>\r\n	</li>\r\n	<li>Licitaciones</li>\r\n	<li>OENE semanal</li>\r\n	<li>Contingencia COVID-19</li>\r\n	<li>Objetivos 2020</li>\r\n	<li>Proyecto Dos Bocas</li>\r\n</ul>\r\n\r\n<p>&nbsp;</p>\r\n\r\n<h2><strong>2. Revisi&oacute;n de temas 17 - Nov - 2020</strong></h2>', '1', '1'),
(25, 'Propuesta y solución a temas relacionados con Construcción y Áreas Transversales', '2020-11-23 08:00:00', '10:15:00', '2020-11-30 00:00:00', '<h2><strong>1. Agenda de Direcci&oacute;n General</strong></h2>\r\n\r\n<p>&nbsp;</p>\r\n\r\n<ul>\r\n	<li>Seguimiento\r\n	<ul>\r\n		<li>Requerimientos</li>\r\n	</ul>\r\n	</li>\r\n	<li>Licitaciones</li>\r\n	<li>Contingencia COVID-19</li>\r\n	<li>Objetivos 2020</li>\r\n	<li>Aplicativo: Evaluaci&oacute;n de Subcontratistas</li>\r\n	<li>OENE semanal</li>\r\n	<li>Materia Laboral: IMSS / Outsourcing</li>\r\n	<li>Proyectos Obra Pesada</li>\r\n</ul>\r\n\r\n<p>&nbsp;</p>\r\n\r\n<h2><strong>2. Revisi&oacute;n de temas 23 - Nov - 2020</strong></h2>', '1', '1'),
(26, 'Propuesta y solución a temas relacionados con Construcción y Áreas Transversales', '2020-11-30 08:00:00', '09:20:00', '2020-12-07 00:00:00', '<h2><strong>1. Agenda de Direcci&oacute;n General</strong></h2>\r\n\r\n<p>&nbsp;</p>\r\n\r\n<ul>\r\n	<li>Seguimiento\r\n	<ul>\r\n		<li>Requerimientos</li>\r\n	</ul>\r\n	</li>\r\n	<li>Licitaciones</li>\r\n	<li>OENE semanal</li>\r\n	<li>Contingencia COVID &ndash; 19</li>\r\n	<li>Anticipos HealthCare + Provial</li>\r\n</ul>\r\n\r\n<h2><strong>2. Revisi&oacute;n de temas 30 - Nov- 2020</strong></h2>', '1', '1'),
(27, 'Propuesta y solución a temas relacionados con Construcción y Áreas Transversales', '2020-12-07 08:00:00', '09:45:00', '2020-12-14 00:00:00', '<h2><strong>1. Agenda de Direcci&oacute;n General</strong></h2>\r\n\r\n<ul>\r\n	<li>Seguimiento\r\n	<ul>\r\n		<li>Requerimientos</li>\r\n	</ul>\r\n	</li>\r\n	<li>Reporte de Subcontratistas</li>\r\n	<li>Licitaciones</li>\r\n	<li>OENE semanal</li>\r\n	<li>Contingencia COVID &ndash; 19</li>\r\n	<li>Subcontratistas Dos Bocas</li>\r\n</ul>\r\n\r\n<h2><strong>2. Revisi&oacute;n de temas 07 - Dic - 2020</strong></h2>', '1', '1'),
(28, 'Propuesta y solución a temas relacionados con Construcción y Áreas Transversales', '2020-12-14 08:00:00', '10:50:00', '2020-12-21 00:00:00', '<h2><strong>1. Agenda de Direcci&oacute;n General</strong></h2>\r\n\r\n<p>&nbsp;</p>\r\n\r\n<ul>\r\n	<li>Seguimiento\r\n	<ul>\r\n		<li>Requerimientos</li>\r\n	</ul>\r\n	</li>\r\n	<li>Anticipos HealthCare + Provial</li>\r\n	<li>Licitaciones</li>\r\n	<li>OENE semanal</li>\r\n	<li>Contingencia COVID &ndash; 19</li>\r\n</ul>\r\n\r\n<h2><strong>2. Revisi&oacute;n de temas 14 - Dic -2020</strong></h2>', '1', '1'),
(29, 'Propuesta y solución a temas relacionados con Construcción y Áreas Transversales', '2020-12-21 08:00:00', '09:45:00', '2021-01-04 00:00:00', '<h2><strong>1. Agenda de Direcci&oacute;n General</strong></h2>\r\n\r\n<ul>\r\n	<li>\r\n	<p>Seguimiento</p>\r\n\r\n	<ul>\r\n		<li>\r\n		<p>Requerimientos</p>\r\n		</li>\r\n	</ul>\r\n	</li>\r\n	<li>\r\n	<p>Licitaciones</p>\r\n	</li>\r\n	<li>\r\n	<p>OENE semanal</p>\r\n	</li>\r\n	<li>\r\n	<p>Contingencia COVID &ndash; 19</p>\r\n	</li>\r\n</ul>\r\n\r\n<h2><strong>2. Revisi&oacute;n de temas 21 - Dic - 2020</strong></h2>', '1', '1'),
(30, 'Propuesta y solución a temas relacionados con Construcción y Áreas Transversales', '2021-01-04 08:00:00', '10:00:00', '2021-01-11 00:00:00', '<h2><strong>1. Agenda de Direcci&oacute;n General</strong></h2>\r\n\r\n<p>&nbsp;</p>\r\n\r\n<ul>\r\n	<li>Seguimiento\r\n	<ul>\r\n		<li>Requerimientos</li>\r\n	</ul>\r\n	</li>\r\n	<li>Reporte econ&oacute;mico de los Proyectos</li>\r\n	<li>Licitaciones</li>\r\n	<li>OENE semanal</li>\r\n	<li>Contingencia COVID &ndash; 19</li>\r\n</ul>\r\n\r\n<h2><strong>2. Revisi&oacute;n de temas 06 - Ene - 2021</strong></h2>', '0', '1'),
(31, 'Propuesta y solución a temas relacionados con Construcción y Áreas Transversales', '2021-01-04 08:00:00', '10:00:00', '2021-01-11 00:00:00', '<h2><strong>1. Agenda deDirecci&oacute;n General</strong></h2>\r\n\r\n<ul>\r\n	<li>Seguimiento\r\n	<ul>\r\n		<li>Requerimientos</li>\r\n	</ul>\r\n	</li>\r\n	<li>Reporte econ&oacute;mico de los Proyectos&nbsp;</li>\r\n	<li>Licitaciones&nbsp;</li>\r\n	<li>OENE semanal&nbsp;</li>\r\n	<li>Contingencia COVID - 19</li>\r\n</ul>\r\n\r\n<h2><strong>2. Revisi&oacute;n de temas 04 - Ene - 2021</strong></h2>', '1', '1'),
(32, 'Propuesta y solución a temas relacionados con Construcción y Áreas Transversales', '2021-01-11 08:00:00', '10:00:00', '2021-01-18 00:00:00', '<h2><strong>1. Agenda de Direcci&oacute;n General</strong></h2>\r\n\r\n<ul>\r\n	<li>Seguimiento\r\n	<ul>\r\n		<li>Requerimientos</li>\r\n	</ul>\r\n	</li>\r\n	<li>Materia Laboral: IMSS Outsourcing</li>\r\n	<li>Licitaciones</li>\r\n	<li>OENE semanal</li>\r\n	<li>COVID &ndash; 19 y campa&ntilde;a de vacunaci&oacute;n contra influenza</li>\r\n</ul>\r\n\r\n<h2><strong>2. Revisi&oacute;n de temas 11 - Ene - 2021</strong></h2>', '1', '1'),
(33, 'Propuesta y solución a temas relacionados con Construcción y Áreas Transversales', '2021-01-18 08:00:00', '09:40:00', '2021-01-25 00:00:00', '<h2><strong>1. Agenda de Direcci&oacute;n General</strong></h2>\r\n\r\n<ul>\r\n	<li>\r\n	<p>Seguimiento</p>\r\n\r\n	<ul>\r\n		<li>Requerimientos</li>\r\n	</ul>\r\n	</li>\r\n	<li>Licitaciones</li>\r\n	<li>OENE Semanal</li>\r\n	<li>COVID - 19 y campa&ntilde;a de vacunaci&oacute;n contra influenza</li>\r\n</ul>\r\n\r\n<h2><strong>2. Revisi&oacute;n de temas 18 - Ene - 2021</strong></h2>', '1', '1'),
(34, 'Propuesta y solución a temas relacionados con Construcción y Áreas Transversales', '2021-01-25 08:00:00', '09:30:00', '2021-02-01 00:00:00', '<h2><strong>1. Agenda de Direcci&oacute;n General</strong></h2>\r\n\r\n<ul>\r\n	<li>Seguimiento\r\n	<ul>\r\n		<li>Requerimientos</li>\r\n	</ul>\r\n	</li>\r\n	<li>Licitaciones</li>\r\n	<li>OENE semanal</li>\r\n	<li>Contingencia COVID &ndash; 19</li>\r\n</ul>\r\n\r\n<h2><strong>2. Revisi&oacute;n de temas 25 - Ene - 2021</strong></h2>', '1', '1'),
(35, 'Propuesta y solución a temas relacionados con Construcción y Áreas Transversales', '2021-02-02 08:00:00', '10:05:00', '2021-02-08 00:00:00', '<h2><strong>1. Agenda de Direcci&oacute;n General</strong></h2>\r\n\r\n<ul>\r\n	<li>\r\n	<p>Seguimiento</p>\r\n\r\n	<ul>\r\n		<li>\r\n		<p>Requerimientos</p>\r\n		</li>\r\n	</ul>\r\n	</li>\r\n	<li>\r\n	<p>Licitaciones</p>\r\n	</li>\r\n	<li>\r\n	<p>OENE semanal</p>\r\n	</li>\r\n	<li>\r\n	<p>Contingencia COVID - 19</p>\r\n	</li>\r\n</ul>\r\n\r\n<h2><strong>2. Revisi&oacute;n de temas 02 - Feb - 2021</strong></h2>', '1', '1'),
(36, 'Propuesta y solución a temas relacionados con Construcción y Áreas Transversales', '2021-02-08 08:00:00', '09:00:00', '2021-02-15 00:00:00', '<h2><strong>1. Agenda Direcci&oacute;n General</strong></h2>\r\n\r\n<ul>\r\n	<li>Seguimiento\r\n	<ul>\r\n		<li>Requerimientos</li>\r\n	</ul>\r\n	</li>\r\n	<li>Licitaciones</li>\r\n	<li>OENE semanal</li>\r\n	<li>Contingencia COVID &ndash; 19</li>\r\n</ul>\r\n\r\n<p>&nbsp;</p>\r\n\r\n<h2><strong>2. Revisi&oacute;n de temas 08 - Feb - 2021</strong></h2>', '1', '1'),
(37, 'Propuesta y solución a temas relacionados con Construcción y Áreas Transversales', '2021-02-15 08:00:00', '09:00:00', '2021-02-22 00:00:00', '<h2><strong>1. Agenda de Direcci&oacute;n General</strong></h2>\r\n\r\n<ul>\r\n	<li>Seguimiento\r\n	<ul>\r\n		<li>Requerimientos</li>\r\n	</ul>\r\n	</li>\r\n	<li>Comit&eacute; de aprobaci&oacute;n de Subcontratistas</li>\r\n	<li>Licitaciones</li>\r\n	<li>OENE semanal&nbsp;</li>\r\n	<li>Contingencia COVID - 19</li>\r\n</ul>\r\n\r\n<p>&nbsp;</p>\r\n\r\n<h2><strong>2. Revisi&oacute;n de temas 15 - Feb - 21</strong></h2>', '1', '1'),
(38, 'Propuesta y solución a temas relacionados con Construcción y Áreas Transversales', '2021-02-22 08:00:00', '09:00:00', '2021-03-01 00:00:00', '<h2><strong>1. Agenda de Direcci&oacute;n General</strong></h2>\r\n\r\n<ul>\r\n	<li>Seguimiento\r\n	<ul>\r\n		<li>Requerimientos</li>\r\n	</ul>\r\n	</li>\r\n	<li>Planeaci&oacute;n del flujo de efectivo</li>\r\n	<li>Licitaciones</li>\r\n	<li>OENE semanal</li>\r\n	<li>Contingencia COVID &ndash; 19</li>\r\n</ul>\r\n\r\n<h2><strong>2. Revisi&oacute;n de temas 22 - Feb - 2021</strong></h2>', '1', '1'),
(39, 'Propuesta y solución a temas relacionados con Construcción y Áreas Transversales', '2021-03-01 08:00:00', '09:45:00', '2021-03-08 00:00:00', '<h2><strong>1. Agenda de Direcci&oacute;n General</strong></h2>\r\n\r\n<ul>\r\n	<li>Seguimiento\r\n	<ul>\r\n		<li>Requerimientos</li>\r\n	</ul>\r\n	</li>\r\n	<li>Planeaci&oacute;n del flujo de efectivo\r\n	<ul>\r\n		<li>Resumen de Pasivos de Proyectos APP al 26/Feb/2021</li>\r\n		<li>Proyecci&oacute;n de Flujo Proyectos (Pr&oacute;ximas 5 semanas)</li>\r\n	</ul>\r\n	</li>\r\n	<li>Subcontrataci&oacute;n a segundo nivel</li>\r\n	<li>Licitaciones</li>\r\n	<li>OENE semanal</li>\r\n	<li>Contingencia COVID &ndash; 19</li>\r\n</ul>\r\n\r\n<h2><strong>2. Revisi&oacute;n de temas 01 - Mar - 2021</strong></h2>', '1', '1'),
(40, 'Propuesta y solución a temas relacionados con Construcción y Áreas Transversales', '2021-03-08 08:00:00', '09:30:00', '2021-03-16 00:00:00', '<h2><strong>1. Agenda de Direcci&oacute;n General</strong></h2>\r\n\r\n<ul>\r\n	<li>Seguimiento\r\n	<ul>\r\n		<li>Outsourcing</li>\r\n		<li>Planeaci&oacute;n del flujo de efectivo</li>\r\n		<li>Subcontrataci&oacute;n a segundo nivel</li>\r\n		<li>Comit&eacute; de aprobaci&oacute;n de Subcontratistas</li>\r\n		<li>Objetivos estrat&eacute;gicos 2021</li>\r\n	</ul>\r\n	</li>\r\n	<li>Licitaciones</li>\r\n	<li>OENE semanal</li>\r\n	<li>Contingencia COVID &ndash; 19</li>\r\n</ul>\r\n\r\n<h2><strong>2. Revisi&oacute;n de temas 08 - Mar - 2021</strong></h2>', '1', '1'),
(41, 'Propuesta y solución a temas relacionados con Construcción y Áreas Transversales', '2021-03-16 08:00:00', '08:55:00', '2021-03-22 00:00:00', '<h2><strong>1. Agenda de Direcci&oacute;n General</strong></h2>\r\n\r\n<ul>\r\n	<li>Seguimiento\r\n	<ul>\r\n		<li>Outsourcing</li>\r\n		<li>Comit&eacute; de aprobaci&oacute;n de Subcontratistas</li>\r\n		<li>Subcontrataci&oacute;n a segundo nivel</li>\r\n	</ul>\r\n	</li>\r\n	<li>Planeaci&oacute;n del flujo de efectivo</li>\r\n	<li>Licitaciones</li>\r\n	<li>OENE semanal</li>\r\n	<li>Contingencia COVID &ndash; 19</li>\r\n</ul>\r\n\r\n<h2><strong>2. Revisi&oacute;n de temas 16 - Mar - 2021</strong></h2>', '1', '1'),
(42, 'Propuesta y solución a temas relacionados con Construcción y Áreas Transversales', '2021-03-22 08:00:00', '08:50:00', '2021-03-29 00:00:00', '<h2><strong>1. Agenda de Direcci&oacute;n General</strong></h2>\r\n\r\n<ul>\r\n	<li>Seguimiento\r\n	<ul>\r\n		<li>Outsourcing</li>\r\n		<li>Planeaci&oacute;n de flujo de efectivo</li>\r\n		<li>Subcontrataci&oacute;n a segundo nivel</li>\r\n	</ul>\r\n	</li>\r\n	<li>Comit&eacute; de aprobaci&oacute;n de Subcontratistas</li>\r\n	<li>Licitaciones</li>\r\n	<li>OENE semanal</li>\r\n	<li>Contingencia COVID &ndash; 19</li>\r\n</ul>\r\n\r\n<h2><strong>2. Revisi&oacute;n de temas&nbsp;22 &ndash; Mar &ndash; 2021</strong></h2>', '1', '1'),
(43, 'Propuesta y solución a temas relacionados con Construcción y Áreas Transversales', '2021-03-29 08:00:00', '08:40:00', '2021-04-05 00:00:00', '<h2><strong>1. Agenda de Direcci&oacute;n General</strong></h2>\r\n\r\n<ul>\r\n	<li>Seguimiento\r\n	<ul>\r\n		<li>Outsourcing</li>\r\n		<li>Planeaci&oacute;n de flujo de efectivo</li>\r\n		<li>Subcontrataci&oacute;n a segundo nivel</li>\r\n		<li>Anticipos pendientes por amortizar</li>\r\n	</ul>\r\n	</li>\r\n	<li>Licitaciones</li>\r\n	<li>OENE semanal</li>\r\n	<li>Contingencia COVID &ndash; 19</li>\r\n</ul>\r\n\r\n<h2><strong>2. Revisi&oacute;n de temas 29 - Mar - 2021</strong></h2>', '1', '1'),
(44, 'Propuesta y solución a temas relacionados con Construcción y Áreas Transversales', '2021-04-05 08:00:00', '09:00:00', '2021-04-12 00:00:00', '<h2><strong>1. Agenda de Direcci&oacute;n General</strong></h2>\r\n\r\n<ul>\r\n	<li>Seguimiento\r\n	<ul>\r\n		<li>Outsourcing</li>\r\n		<li>Planeaci&oacute;n del flujo de efectivo</li>\r\n		<li>Subcontrataci&oacute;n a segundo nivel</li>\r\n		<li>Anticipos pendientes por amortizar</li>\r\n	</ul>\r\n	</li>\r\n	<li>Licitaciones</li>\r\n	<li>OENE semanal</li>\r\n	<li>Contingencia COVID &ndash; 19</li>\r\n</ul>\r\n\r\n<h2><strong>2. Revisi&oacute;n de temas 05 - Abril - 2021</strong></h2>', '1', '1'),
(45, 'Propuesta y solución a temas relacionados con Construcción y Áreas Transversales', '2021-04-12 08:00:00', '10:05:00', '2021-04-19 00:00:00', '<h2><strong>1. Agenda de Direcci&oacute;n General</strong></h2>\r\n\r\n<ul>\r\n	<li>Seguimiento\r\n	<ul>\r\n		<li>Outsourcing</li>\r\n		<li>Planeaci&oacute;n del flujo de efectivo</li>\r\n		<li>Subcontrataci&oacute;n a segundo nivel</li>\r\n	</ul>\r\n	</li>\r\n	<li>Anticipos pendientes por amortizar</li>\r\n	<li>Licitaciones</li>\r\n	<li>OENE semanal</li>\r\n	<li>Contingencia COVID &ndash; 19</li>\r\n	<li>Reporte de Auditor&iacute;a - SGI</li>\r\n</ul>\r\n\r\n<p>&nbsp;</p>\r\n\r\n<h2><strong>2. Revisi&oacute;n de temas 12 - Abr - 21</strong></h2>', '1', '1'),
(46, 'Propuesta y solución a temas relacionados con Construcción y Áreas Transversales', '2021-04-19 08:00:00', '09:10:00', '2021-04-26 00:00:00', '<h2><strong>1. Agenda de Direcci&oacute;n General</strong></h2>\r\n\r\n<p>&nbsp;</p>\r\n\r\n<ul>\r\n	<li>Seguimiento\r\n	<ul>\r\n		<li>Outsourcing</li>\r\n		<li>Planeaci&oacute;n del flujo de efectivo</li>\r\n		<li>Subcontrataci&oacute;n a segundo nivel</li>\r\n		<li>Padr&oacute;n de Subcontratistas</li>\r\n		<li>Comit&eacute; de aprobaci&oacute;n de Subcontratistas</li>\r\n	</ul>\r\n	</li>\r\n	<li>Licitaciones</li>\r\n	<li>OENE semanal</li>\r\n	<li>Contingencia COVID &ndash; 19</li>\r\n	<li>Reporte de Auditor&iacute;a - SGI</li>\r\n</ul>\r\n\r\n<h2><strong>2. Revisi&oacute;n de temas 19 - Abr - 2021</strong></h2>', '1', '1'),
(47, 'Propuesta y solución a temas relacionados con Construcción y Áreas Transversales', '2021-04-26 08:00:00', '09:41:00', '2021-05-03 00:00:00', '<h2><strong>1. Agenda de Direcci&oacute;n General</strong></h2>\r\n\r\n<ul>\r\n	<li>Seguimiento\r\n	<ul>\r\n		<li>Outsourcing</li>\r\n		<li>Subcontrataci&oacute;n a segundo nivel</li>\r\n		<li>Padr&oacute;n de Subcontratistas</li>\r\n		<li>Comit&eacute; de aprobaci&oacute;n de Subcontratistas</li>\r\n	</ul>\r\n	</li>\r\n	<li>Planeaci&oacute;n del flujo de efectivo</li>\r\n	<li>Licitaciones</li>\r\n	<li>OENE semanal</li>\r\n	<li>Contingencia COVID &ndash; 19</li>\r\n</ul>\r\n\r\n<h2><strong>2. Revisi&oacute;n de temas 26 - Abr - 2021</strong></h2>', '0', '1'),
(48, 'Propuesta y solución a temas relacionados con Construcción y Áreas Transversales', '2021-04-26 08:00:00', '09:41:00', '2021-05-03 00:00:00', '<h2><strong>1. Agenda deDirecci&oacute;n General</strong></h2>\r\n\r\n<ul>\r\n	<li>Seguimiento\r\n	<ul>\r\n		<li>Outsourcing</li>\r\n		<li>Subcontrataci&oacute;n a segundo nivel</li>\r\n		<li>Padr&oacute;n de Subcontratistas</li>\r\n		<li>Comit&eacute; de aprobaci&oacute;n de Subcontratistas</li>\r\n	</ul>\r\n	</li>\r\n	<li>Planeaci&oacute;n del flujo de efectivo</li>\r\n	<li>Licitaciones</li>\r\n	<li>OENE semanal</li>\r\n	<li>Contingencia COVID &ndash; 19</li>\r\n</ul>\r\n\r\n<p>&nbsp;</p>\r\n\r\n<h2><strong>2. Revisi&oacute;n de temas 26 - Abr - 2021</strong></h2>', '1', '1'),
(49, 'Propuesta y solución a temas relacionados con Construcción y Áreas Transversales', '2021-05-03 08:00:00', '10:11:00', '2021-05-10 00:00:00', '<h2><strong>1. Agenda de Direcci&oacute;n General</strong></h2>\r\n\r\n<ul>\r\n	<li>Seguimiento\r\n	<ul>\r\n		<li>Outsourcing</li>\r\n		<li>Comit&eacute; de Aprobaci&oacute;n de Subcontratistas</li>\r\n		<li>Subcontrataci&oacute;n a segundo nivel</li>\r\n		<li>Padr&oacute;n de Subcontratistas</li>\r\n		<li>Reporte de Subcontratistas</li>\r\n	</ul>\r\n	</li>\r\n	<li>Planeaci&oacute;n del flujo de efectivo</li>\r\n	<li>Reporte de Cuautla</li>\r\n	<li>Licitaciones</li>\r\n	<li>OENE semanal</li>\r\n	<li>Contingencia COVID &ndash; 19</li>\r\n</ul>\r\n\r\n<p>&nbsp;</p>\r\n\r\n<h2><strong>2. Revisi&oacute;n de temas 03 - May - 2021</strong></h2>', '1', '1'),
(50, 'Propuesta y solución a temas relacionados con Construcción y Áreas Transversales', '2021-05-10 08:00:00', '10:05:00', '2021-05-17 00:00:00', '<h2><strong>1. Agenda de Direcci&oacute;n General</strong></h2>\r\n\r\n<ul>\r\n	<li>Seguimiento\r\n	<ul>\r\n		<li>Comit&eacute; de Aprobaci&oacute;n de Subcontratistas</li>\r\n		<li>Subcontrataci&oacute;n a segundo nivel</li>\r\n		<li>Reporte de Subcontratos</li>\r\n	</ul>\r\n	</li>\r\n	<li>Outsourcing</li>\r\n	<li>Planeaci&oacute;n del flujo de efectivo y OENE semanal</li>\r\n	<li>Estrategias de liberaci&oacute;n proceso de Subcontratos</li>\r\n	<li>Licitaciones</li>\r\n	<li>Contingencia COVID &ndash; 19</li>\r\n</ul>\r\n\r\n<h2><strong>2. Revisi&oacute;n de temas 10 - May - 2021</strong></h2>', '1', '1'),
(51, 'Propuesta y solución a temas relacionados con Construcción y Áreas Transversales', '2021-05-17 08:00:00', '09:55:00', '2021-05-24 00:00:00', '<h2><strong>1. Agenda de Direcci&oacute;n General</strong></h2>\r\n\r\n<p>&nbsp;</p>\r\n\r\n<ul>\r\n	<li>Seguimiento\r\n	<ul>\r\n		<li>Outsourcing</li>\r\n		<li>Subcontrataci&oacute;n a segundo nivel</li>\r\n		<li>Reporte de Subcontratos</li>\r\n		<li>Comit&eacute; de Aprobaci&oacute;n de Subcontratistas</li>\r\n	</ul>\r\n	</li>\r\n	<li>Planeaci&oacute;n del flujo de efectivo y OENE semanal</li>\r\n	<li>Estrategias de liberaci&oacute;n proceso de Subcontratos</li>\r\n	<li>Licitaciones</li>\r\n	<li>Contingencia COVID &ndash; 19</li>\r\n</ul>\r\n\r\n<h2><strong>2. Revisi&oacute;n de temas 17 - May - 2021</strong></h2>', '1', '1'),
(52, 'Propuesta y solución a temas relacionados con Construcción y Áreas Transversales', '2021-05-24 09:00:00', '10:55:00', '2021-05-31 00:00:00', '<h2><strong>1. Agenda de Direcci&oacute;n General</strong></h2>\r\n\r\n<ul>\r\n	<li>Seguimiento\r\n	<ul>\r\n		<li>Outsourcing</li>\r\n		<li>Subcontrataci&oacute;n a segundo nivel</li>\r\n		<li>Reporte de Subcontratos</li>\r\n	</ul>\r\n	</li>\r\n	<li>Planeaci&oacute;n del flujo de efectivo y OENE semanal</li>\r\n	<li>Licitaciones</li>\r\n	<li>Contingencia COVID &ndash; 19</li>\r\n</ul>\r\n\r\n<h2><strong>2. Revisi&oacute;n de temas 24 - May - 2021</strong></h2>', '1', '1'),
(53, 'Propuesta y solución a temas relacionados con Construcción y Áreas Transversales', '2021-05-31 08:00:00', '11:00:00', '2021-06-04 00:00:00', '<h2><strong>1. Agenda de Direcci&oacute;n General</strong></h2>\r\n\r\n<ul>\r\n	<li>\r\n	<p>Seguimiento</p>\r\n\r\n	<ul>\r\n		<li>\r\n		<p>Subcontrataci&oacute;n a segundo nivel</p>\r\n		</li>\r\n		<li>\r\n		<p>Reporte de Subcontrataci&oacute;n</p>\r\n		</li>\r\n	</ul>\r\n	</li>\r\n	<li>\r\n	<p>Outsourcing</p>\r\n	</li>\r\n	<li>\r\n	<p>Planeaci&oacute;n de flujo de efectivo y OENE semanal</p>\r\n	</li>\r\n	<li>\r\n	<p>Licitaciones</p>\r\n	</li>\r\n	<li>\r\n	<p>Contingencia COVID - 19</p>\r\n	</li>\r\n</ul>\r\n\r\n<h2><strong>2. Revisi&oacute;n de temas 31 - May - 2021</strong></h2>\r\n\r\n<ul>\r\n	<li>Fianzas</li>\r\n	<li>Coordinaci&oacute;n de transportes PRODEMEX</li>\r\n	<li>Contingencia COVID 19</li>\r\n</ul>', '1', '1'),
(54, 'Propuesta y solución a temas relacionados con Construcción y Áreas Transversales', '2021-06-07 08:00:00', '10:20:00', '2021-06-14 00:00:00', '<h2><strong>1. Agenda de Direcci&oacute;n General</strong></h2>\r\n\r\n<ul>\r\n	<li>Seguimiento\r\n	<ul>\r\n		<li>Subcontrataci&oacute;n a segundo nivel</li>\r\n		<li>Reporte de Subcontratos</li>\r\n		<li>Coordinaci&oacute;n de recursos materiales / transportes PRODEMEX</li>\r\n		<li>Fianzas&nbsp;</li>\r\n		<li>Outsourcing</li>\r\n	</ul>\r\n	</li>\r\n	<li>Planeaci&oacute;n del flujo de efectivo y OENE semanal</li>\r\n	<li>Licitaciones</li>\r\n</ul>\r\n\r\n<h2><strong>2. Revisi&oacute;n de temas 07 - Jun - 2021</strong></h2>\r\n\r\n<ul>\r\n	<li>Reporte obras pesadas BW SAP</li>\r\n</ul>\r\n\r\n<table align=\"left\">\r\n	<tbody>\r\n		<tr>\r\n			<td style=\"vertical-align:top\">\r\n			<ul style=\"list-style-type:square\">\r\n				<li>Reporte obras pesadas BW SACC</li>\r\n			</ul>\r\n			</td>\r\n		</tr>\r\n	</tbody>\r\n</table>', '0', '1'),
(55, 'Propuesta y solución a temas relacionados con Construcción y Áreas Transversales', '2021-06-07 08:00:00', '10:20:00', '2021-06-14 00:00:00', '<h2><strong>1. Direcci&oacute;n General</strong></h2>\r\n\r\n<ul>\r\n	<li>&nbsp;Seguimiento\r\n	<ul>\r\n		<li>Subcontrataci&oacute;n a segundo nivel</li>\r\n		<li>Reporte de Subcontratos</li>\r\n		<li>Coordinaci&oacute;n de recursos materiales / transportes PRODEMEX</li>\r\n		<li>Fianzas&nbsp;</li>\r\n		<li>Outsourcing</li>\r\n	</ul>\r\n	</li>\r\n	<li>Planeaci&oacute;n del flujo de efectivo y OENE semanal</li>\r\n	<li>Licitaciones</li>\r\n</ul>\r\n\r\n<h2><strong>2. Revisi&oacute;n de temas 07 - Jun - 2021</strong></h2>\r\n\r\n<ul>\r\n	<li>Reporte de obras pesadas BW SAC</li>\r\n</ul>', '1', '1'),
(56, 'Propuesta y solución a temas relacionados con Construcción y Áreas Transversales', '2021-06-14 08:00:00', '10:30:00', '2021-06-21 00:00:00', '<h2><strong>1. Agenda de Direcci&oacute;n General</strong></h2>\r\n\r\n<ul>\r\n	<li>Seguimiento\r\n	<ul>\r\n		<li>Fianzas</li>\r\n		<li>Subcontrataci&oacute;n a segundo nivel</li>\r\n		<li>Reporte de Subcontratistas</li>\r\n		<li>Coordinaci&oacute;n de Recursos Materiales / Transportes PRODEMEX</li>\r\n	</ul>\r\n	</li>\r\n	<li>Outsourcing</li>\r\n	<li>Planeaci&oacute;n del flujo de efectivo y OENE semanal</li>\r\n	<li>Licitaciones</li>\r\n</ul>\r\n\r\n<h2><strong>2. Revisi&oacute;n de temas 14 - Jun - 2021</strong></h2>\r\n\r\n<ul>\r\n	<li>Estrategia de liberaci&oacute;n</li>\r\n</ul>', '1', '1'),
(57, 'Propuesta y solución a temas relacionados con Construcción y Áreas Transversales', '2021-06-21 08:00:00', '10:30:00', '2021-06-28 00:00:00', '<h2><strong>1. Agenda de Direcci&oacute;n General</strong></h2>\r\n\r\n<ul>\r\n	<li>Seguimiento\r\n	<ul>\r\n		<li>Fianzas</li>\r\n		<li>Subcontrataci&oacute;n a segundo nivel</li>\r\n		<li>Reporte de Subcontratistas</li>\r\n		<li>Estrategia de liberaci&oacute;n</li>\r\n		<li>Coordinaci&oacute;n de Recursos Materiales / Transportes PRODEMEX</li>\r\n		<li>Outsourcing</li>\r\n		<li>Comit&eacute; de aprobaci&oacute;n de Subcontratistas</li>\r\n	</ul>\r\n	</li>\r\n	<li>Planeaci&oacute;n del flujo de efectivo y OENE semanal</li>\r\n	<li>Licitaciones</li>\r\n</ul>\r\n\r\n<h2><strong>2. Revisi&oacute;n de temas 21 - Jun - 2021</strong></h2>\r\n\r\n<ul>\r\n	<li>Relevantes Capital Humano</li>\r\n	<li>Escenarios de cierre Cuautla&nbsp;&nbsp; &nbsp;</li>\r\n</ul>', '1', '1'),
(58, 'Propuesta y solución a temas relacionados con Construcción y Áreas Transversales', '2021-06-28 08:00:00', '10:10:00', '2021-07-05 00:00:00', '<h2><strong>1. Agenda de Direcci&oacute;n General</strong></h2>\r\n\r\n<ul>\r\n	<li>Seguimiento\r\n	<ul>\r\n		<li>Fianzas</li>\r\n		<li>Subcontrataci&oacute;n a segundo nivel</li>\r\n		<li>Reporte de Subcontratistas</li>\r\n		<li>Coordinaci&oacute;n de Recursos Materiales / Transportes PRODEMEX</li>\r\n	</ul>\r\n	</li>\r\n	<li>Outsourcing</li>\r\n	<li>Planeaci&oacute;n del flujo de efectivo y OENE semanal</li>\r\n	<li>Licitaciones</li>\r\n</ul>\r\n\r\n<h2><strong>2. Revisi&oacute;n de temas 28 - Jun - 2021</strong></h2>\r\n\r\n<ul>\r\n	<li>Software de control de veh&iacute;culos, maquinaria y equipo</li>\r\n</ul>', '1', '1'),
(59, 'Propuesta y solución a temas relacionados con Construcción y Áreas Transversales', '2021-07-05 08:00:00', '09:45:00', '2021-07-12 00:00:00', '<h2><strong>1. Agenda de Direcci&oacute;n General</strong></h2>\r\n\r\n<ul>\r\n	<li>Seguimiento\r\n	<ul>\r\n		<li>Fianzas</li>\r\n		<li>Subcontrataci&oacute;n a segundo nivel</li>\r\n		<li>Reporte de Subcontratistas</li>\r\n		<li>Publicaci&oacute;n de informaci&oacute;n: procesos y acuerdos</li>\r\n		<li>Outsourcing</li>\r\n		<li>Coordinaci&oacute;n de Recursos Materiales / Transportes PRODEMEX</li>\r\n	</ul>\r\n	</li>\r\n	<li>Planeaci&oacute;n del flujo de efectivo y OENE semanal</li>\r\n	<li>Licitaciones</li>\r\n</ul>\r\n\r\n<h2><strong>2. Revisi&oacute;n de temas 05 - Jul - 2021</strong></h2>\r\n\r\n<p>&nbsp;</p>\r\n\r\n<ul>\r\n	<li>Software de control de veh&iacute;culos, maquinaria y equipo</li>\r\n	<li>Conciliaci&oacute;n PRODEMEX-DETERRA</li>\r\n</ul>', '1', '1'),
(60, 'Propuesta y solución a temas relacionados con Construcción y Áreas Transversales', '2021-07-12 08:00:00', '10:05:00', '2021-07-19 00:00:00', '<h2><strong>1. Agenda de Direcci&oacute;n General</strong></h2>\r\n\r\n<p>&nbsp;</p>\r\n\r\n<ul>\r\n	<li>Seguimiento\r\n	<ul>\r\n		<li>Coordinaci&oacute;n de Recursos Materiales / Transportes PRODEMEX</li>\r\n		<li>Outsourcing</li>\r\n	</ul>\r\n	</li>\r\n	<li>Subcontrataci&oacute;n</li>\r\n	<li>Planeaci&oacute;n del flujo de efectivo y OENE semanal</li>\r\n	<li>Licitaciones</li>\r\n</ul>\r\n\r\n<h2><strong>2. Revisi&oacute;n de temas 12 - Jul - 21</strong></h2>', '1', '1'),
(61, 'Propuesta y solución a temas relacionados con Construcción y Áreas Transversales', '2021-07-19 08:00:00', '10:05:00', '2021-07-26 00:00:00', '<h2><strong>1. Agenda de Direcci&oacute;n General</strong></h2>\r\n\r\n<ul>\r\n	<li>Outsourcing</li>\r\n	<li>Planeaci&oacute;n del flujo de efectivo y OENE semanal</li>\r\n	<li>Licitaciones</li>\r\n</ul>\r\n\r\n<h2><strong>2. Revisi&oacute;n de temas 19 - Jul - 2021</strong></h2>', '1', '1'),
(62, 'Propuesta y solución a temas relacionados con Construcción y Áreas Transversales', '2021-07-26 08:00:00', '09:20:00', '2021-08-02 00:00:00', '<h2><strong>1. Agenda de Direcci&oacute;n General</strong></h2>\r\n\r\n<p>&nbsp;</p>\r\n\r\n<ul>\r\n	<li>Outsourcing</li>\r\n	<li>Planeaci&oacute;n del flujo de efectivo y OENE semanal</li>\r\n	<li>Licitaciones</li>\r\n</ul>\r\n\r\n<h2><strong>2. Revisi&oacute;n de temas 26 - Jul - 21</strong></h2>', '1', '1'),
(63, 'Propuesta y solución a temas relacionados con Construcción y Áreas Transversales', '2021-08-16 08:00:00', '09:20:00', '2021-08-23 00:00:00', '<h2><strong>1. Agenda de Direcci&oacute;n General</strong></h2>\r\n\r\n<p>&nbsp;</p>\r\n\r\n<ul>\r\n	<li>Outsourcing</li>\r\n	<li>Planeaci&oacute;n del flujo de efectivo y OENE semanal</li>\r\n	<li>Licitaciones</li>\r\n	<li>Contingencia COVID - 19</li>\r\n</ul>\r\n\r\n<h2><strong>2. Revisi&oacute;n de temas 16 - Ago - 2021</strong></h2>', '1', '1'),
(64, 'Propuesta y solución a temas relacionados con Construcción y Áreas Transversales', '2021-08-23 08:00:00', '10:10:00', '2021-08-30 00:00:00', '<h2><strong>1. Agenda de Direcci&oacute;n General</strong></h2>\r\n\r\n<ul>\r\n	<li>Outsourcing</li>\r\n	<li>Planeaci&oacute;n del flujo de efectivo y OENE semanal</li>\r\n	<li>Licitaciones</li>\r\n	<li>Contingencia COVID - 19</li>\r\n</ul>\r\n\r\n<h2><strong>2. Revisi&oacute;n de temas 23 - Ago - 2021</strong></h2>', '1', '1'),
(65, 'Propuesta y solución a temas relacionados con Construcción y Áreas Transversales', '2021-08-30 08:00:00', '09:30:00', '2021-09-06 00:00:00', '<h2><strong>1. Agenda de Direcci&oacute;n General</strong></h2>\r\n\r\n<ul>\r\n	<li>Outsourcing</li>\r\n	<li>Planeaci&oacute;n del flujo de efectivo y OENE semanal</li>\r\n	<li>Licitaciones</li>\r\n	<li>Contingencia COVID - 19</li>\r\n</ul>\r\n\r\n<h2><strong>2. Revisi&oacute;n de temas 30 - Ago - 2021</strong></h2>', '1', '1'),
(66, 'Propuesta y solución a temas relacionados con Construcción y Áreas Transversales', '2021-09-06 08:00:00', '09:45:00', '2021-09-13 00:00:00', '<h2><strong>1. Agenda de Direcci&oacute;n General</strong></h2>\r\n\r\n<p>&nbsp;</p>\r\n\r\n<ul>\r\n	<li>Outsourcing</li>\r\n	<li>Planeaci&oacute;n del flujo de efectivo y OENE semanal</li>\r\n	<li>Licitaciones</li>\r\n	<li>Contingencia COVID - 19</li>\r\n</ul>\r\n\r\n<p>&nbsp;</p>\r\n\r\n<h2><strong>2. Revisi&oacute;n de temas 06 - Sep - 2021</strong></h2>', '1', '1'),
(67, 'Propuesta y solución a temas relacionados con Construcción y Áreas Transversales', '2021-09-13 08:00:00', '10:10:00', '2021-09-20 00:00:00', '<h2><strong>1. Agenda de Direcci&oacute;n General</strong></h2>\r\n\r\n<ul>\r\n	<li>Outsourcing</li>\r\n	<li>Planeaci&oacute;n del flujo de efectivo y OENE semanal</li>\r\n	<li>Licitaciones</li>\r\n	<li>Contingencia COVID - 19</li>\r\n</ul>\r\n\r\n<h2><strong>2. Revisi&oacute;n de temas 13 - Sep - 21</strong></h2>', '1', '1'),
(68, 'Propuesta y solución a temas relacionados con Construcción y Áreas Transversales', '2021-09-20 08:00:00', '09:20:00', '2021-09-27 00:00:00', '<h2><strong>1. Agenda de Direcci&oacute;n General</strong></h2>\r\n\r\n<ul>\r\n	<li>Outsourcing</li>\r\n	<li>Planeaci&oacute;n del flujo de efectivo y OENE semanal</li>\r\n	<li>Licitaciones</li>\r\n	<li>Contingencia COVID - 19</li>\r\n</ul>\r\n\r\n<h2><strong>2. Revisi&oacute;n de temas 20 - Sep - 2021</strong></h2>', '1', '1'),
(69, 'Propuesta y solución a temas relacionados con Construcción y Áreas Transversales', '2021-09-27 08:00:00', '10:20:00', '2021-10-04 00:00:00', '<h2><strong>1. Agenda de Direcci&oacute;n General</strong></h2>\r\n\r\n<ul>\r\n	<li>Outsourcing</li>\r\n	<li>Planeaci&oacute;n del flujo de efectivo y OENE semanal</li>\r\n	<li>Licitaciones</li>\r\n	<li>Contingencia COVID - 19</li>\r\n</ul>\r\n\r\n<h2><strong>2. Revisi&oacute;n de temas 27 - Sep - 2021</strong></h2>', '1', '1'),
(70, 'Propuesta y solución a temas relacionados con Construcción y Áreas Transversales', '2021-10-04 08:00:00', '09:55:00', '2021-10-11 00:00:00', '<h2><strong>1. Agenda de Direcci&oacute;n General</strong></h2>\r\n\r\n<ul>\r\n	<li>Outsourcing</li>\r\n	<li>Planeaci&oacute;n del flujo de efectivo y OENE semanal</li>\r\n	<li>Licitaciones</li>\r\n	<li>Contingencia COVID - 19</li>\r\n</ul>\r\n\r\n<h2><strong>2. Revisi&oacute;n de temas 04 - Oct - 2021</strong></h2>', '1', '1'),
(71, 'Propuesta y solución a temas relacionados con Construcción y Áreas Transversales', '2021-10-11 08:00:00', '10:10:00', '2021-10-18 00:00:00', '<h2><strong>1. Agenda de Direcci&oacute;n General</strong></h2>\r\n\r\n<ul>\r\n	<li>&nbsp;Outsourcing</li>\r\n	<li>Planeaci&oacute;n del flujo de efectivo y OENE semanal</li>\r\n	<li>Licitaciones</li>\r\n	<li>Contingencia COVID - 19</li>\r\n</ul>\r\n\r\n<h2><strong>2. Revisi&oacute;n de temas 11 - Oct - 21</strong></h2>', '1', '1'),
(72, 'Propuesta y solución a temas relacionados con Construcción y Áreas Transversales', '2021-10-25 08:00:00', '10:15:00', '2021-11-01 00:00:00', '<h2><strong>1. Agenda de Direcci&oacute;n General</strong></h2>\r\n\r\n<ul>\r\n	<li>Outsourcing</li>\r\n	<li>Planeaci&oacute;n del flujo de efectivo y OENE semanal</li>\r\n	<li>Licitaciones</li>\r\n	<li>Contingencia COVID - 19</li>\r\n</ul>\r\n\r\n<h2><strong>2. Revisi&oacute;n de temas 25 - Oct - 2021</strong></h2>', '1', '1'),
(73, 'Propuesta y solución a temas relacionados con Construcción y Áreas Transversales', '2021-11-01 08:00:00', '09:35:00', '2021-11-08 00:00:00', '<h2><strong>1. Agenda de Direcci&oacute;n General</strong></h2>\r\n\r\n<ul>\r\n	<li>Outsourcing</li>\r\n	<li>Planeaci&oacute;n del flujo de efectivo y OENE semanal</li>\r\n	<li>Licitaciones</li>\r\n	<li>Contingencia COVID - 19</li>\r\n</ul>\r\n\r\n<p>&nbsp;</p>\r\n\r\n<h2><strong>2. Revisi&oacute;n de temas 01 - Nov - 2021</strong></h2>', '1', '1'),
(74, 'Propuesta y solución a temas relacionados con Construcción y Áreas Transversales', '2021-11-08 08:00:00', '10:35:00', '2021-11-15 00:00:00', '<h2><strong>1. Agenda de Direcci&oacute;n General</strong></h2>\r\n\r\n<ul>\r\n	<li>Outsourcing</li>\r\n	<li>Planeaci&oacute;n del flujo de efectivo y OENE semanal</li>\r\n	<li>Licitaciones</li>\r\n	<li>Contingencia COVID - 19</li>\r\n</ul>\r\n\r\n<h2><strong>2. Revisi&oacute;n de temas 08 - Nov - 2021</strong></h2>\r\n\r\n<ul>\r\n	<li>Ajustes en SAP</li>\r\n</ul>', '1', '1'),
(75, 'Propuesta y solución a temas relacionados con Construcción y Áreas Transversales', '2021-11-16 08:00:00', '10:35:00', '2021-11-22 00:00:00', '<h2><strong>1. Agenda de Direcci&oacute;n General</strong></h2>\r\n\r\n<ul>\r\n	<li>Outsourcing</li>\r\n	<li>Planeaci&oacute;n del flujo de efectivo y OENE semanal</li>\r\n	<li>Licitaciones</li>\r\n	<li>Contingencia COVID - 19</li>\r\n</ul>\r\n\r\n<h2><strong>2. Revisi&oacute;n de temas 16 - Nov - 2021</strong></h2>\r\n\r\n<ul>\r\n	<li>Detecci&oacute;n de necesidades de capacitaci&oacute;n (DNC) 2022</li>\r\n</ul>', '1', '1'),
(76, 'Propuesta y solución a temas relacionados con Construcción y Áreas Transversales', '2021-11-22 08:00:00', '10:00:00', '2021-11-29 00:00:00', '<h2><strong>1. Agenda de Direcci&oacute;n General</strong></h2>\r\n\r\n<p>&nbsp;</p>\r\n\r\n<ul>\r\n	<li>Outsourcing</li>\r\n	<li>Planeaci&oacute;n del flujo de efectivo y OENE semanal</li>\r\n	<li>Licitaciones</li>\r\n	<li>Contingencia COVID - 19</li>\r\n</ul>\r\n\r\n<h2><strong>2. Revisi&oacute;n de temas 22 - Nov - 2021</strong></h2>', '1', '1'),
(79, 'Propuesta y solución a temas relacionados con Construcción y Áreas Transversales', '2021-11-29 08:00:00', '10:00:00', '2021-12-06 00:00:00', '<h2><strong>1. Agenda de Direcci&oacute;n General</strong></h2>\r\n\r\n<p>&nbsp;</p>\r\n\r\n<ul>\r\n	<li>Outsourcing</li>\r\n	<li>Planeaci&oacute;n del flujo de efectivo y OENE semanal</li>\r\n	<li>Licitaciones</li>\r\n	<li>Contingencia COVID - 19</li>\r\n</ul>\r\n\r\n<h2><strong>2. Revisi&oacute;n de temas 29 - Nov - 2021</strong></h2>\r\n\r\n<ul>\r\n	<li>Objetivos 2021</li>\r\n</ul>', '1', '1'),
(80, 'Propuesta y solución a temas relacionados con Construcción y Áreas Transversales', '2021-12-06 08:00:00', '09:50:00', '2021-12-13 00:00:00', '<h2><strong>1. Agenda de Direcci&oacute;n General</strong></h2>\r\n\r\n<ul>\r\n	<li>Outsourcing</li>\r\n	<li>Planeaci&oacute;n del flujo de efectivo y OENE semanal</li>\r\n	<li>Licitaciones</li>\r\n	<li>Contingencia COVID - 19</li>\r\n</ul>\r\n\r\n<h2><strong>2. Revisi&oacute;n de temas 06 - Dic - 2021</strong></h2>', '1', '1'),
(81, 'Propuesta y solución a temas relacionados con Construcción y Áreas Transversales', '2021-12-13 08:00:00', '09:50:00', '2021-12-20 00:00:00', '<h2><strong>1. Agenda de Direcci&oacute;n General</strong></h2>\r\n\r\n<ul>\r\n	<li>Outsourcing</li>\r\n	<li>Planeaci&oacute;n del flujo de efectivo y OENE semanal</li>\r\n	<li>Licitaciones</li>\r\n	<li>Contingencia COVID - 19</li>\r\n</ul>\r\n\r\n<h2><strong>2. Revisi&oacute;n de temas 13 - Dic - 2021</strong></h2>', '1', '1'),
(82, 'Propuesta y solución a temas relacionados con Construcción y Áreas Transversales', '2021-12-20 08:00:00', '09:45:00', '2022-01-03 00:00:00', '<h2><strong>1. Agenda de Direcci&oacute;n General</strong></h2>\r\n\r\n<ul>\r\n	<li>Outsourcing</li>\r\n	<li>Planeaci&oacute;n del flujo de efectivo y OENE semanal</li>\r\n	<li>Licitaciones</li>\r\n	<li>Contingencia COVID - 19</li>\r\n</ul>\r\n\r\n<h2><strong>2. Revisi&oacute;n de temas 20 - Dic - 2021</strong></h2>', '1', '1'),
(83, 'Propuesta y solución a temas relacionados con Construcción y Áreas Transversales', '2022-01-03 08:00:00', '09:00:00', '2022-01-10 00:00:00', '<h2><strong>1. Agenda de Direcci&oacute;n General</strong></h2>\r\n\r\n<ul>\r\n	<li>Outsourcing</li>\r\n	<li>Planeaci&oacute;n del flujo de efectivo y OENE semanal</li>\r\n	<li>Licitaciones</li>\r\n	<li>Contingencia COVID - 19</li>\r\n</ul>\r\n\r\n<h2><strong>2. Revisi&oacute;n de temas 03 - Ene - 2021</strong></h2>', '0', '0');
INSERT INTO `minuta` (`id`, `objetivo`, `fecha_inicio`, `fecha_fin`, `proxima_reunion`, `itinerario`, `autorizacion`, `estatus`) VALUES
(84, 'Propuesta y solución a temas relacionados con Construcción y Áreas Transversales', '2022-01-03 08:00:00', '09:00:00', '2022-01-10 00:00:00', '<h2><strong>1. Agenda Direcci&oacute;n General</strong></h2>\r\n\r\n<p>&nbsp;</p>\r\n\r\n<ul>\r\n	<li>Outsourcing</li>\r\n	<li>Planeaci&oacute;n del flujo de efectivo y OENE semanal</li>\r\n	<li>Licitaciones</li>\r\n	<li>Contingencia COVID - 19</li>\r\n</ul>\r\n\r\n<h2><strong>2. Revisi&oacute;n de temas 03 - Ene - 2022</strong></h2>', '1', '1'),
(85, 'Propuesta y solución a temas relacionados con Construcción y Áreas Transversales', '2022-01-10 08:00:00', '08:55:00', '2022-01-17 00:00:00', '<h2><strong>1. Agenda de Direcci&oacute;n General</strong></h2>\r\n\r\n<ul>\r\n	<li>Outsourcing</li>\r\n	<li>Planeaci&oacute;n del flujo de efectivo y OENE semanal</li>\r\n	<li>Licitaciones</li>\r\n	<li>Contingencia COVID - 19</li>\r\n</ul>\r\n\r\n<h2><strong>2. Revisi&oacute;n de temas 10 - Ene -&nbsp;2022</strong></h2>', '0', '1');

-- --------------------------------------------------------

--
-- Estructura de tabla para la tabla `registro_minuta`
--

DROP TABLE IF EXISTS `registro_minuta`;
CREATE TABLE IF NOT EXISTS `registro_minuta` (
  `id` int(11) NOT NULL AUTO_INCREMENT,
  `opcion` varchar(255) NOT NULL,
  `respuesta` varchar(255) NOT NULL,
  PRIMARY KEY (`id`)
) ENGINE=MyISAM AUTO_INCREMENT=5 DEFAULT CHARSET=latin1;

--
-- Volcado de datos para la tabla `registro_minuta`
--

INSERT INTO `registro_minuta` (`id`, `opcion`, `respuesta`) VALUES
(1, 'Ingreso a sistema', 'Ingresó al sistema y vió la minuta'),
(2, 'Firmar minuta', 'Firmó la minuta'),
(3, 'Rechazar firma', 'Rechazó firmar la minuta, y mandó comentarios'),
(4, 'Realizar Observación', 'realizó una observación a la minuta');

-- --------------------------------------------------------

--
-- Estructura de tabla para la tabla `seccion_minuta`
--

DROP TABLE IF EXISTS `seccion_minuta`;
CREATE TABLE IF NOT EXISTS `seccion_minuta` (
  `id` int(11) NOT NULL AUTO_INCREMENT,
  `nombre` varchar(255) NOT NULL,
  PRIMARY KEY (`id`)
) ENGINE=MyISAM AUTO_INCREMENT=4 DEFAULT CHARSET=latin1;

--
-- Volcado de datos para la tabla `seccion_minuta`
--

INSERT INTO `seccion_minuta` (`id`, `nombre`) VALUES
(1, 'Compromisos Previos'),
(2, 'Agenda Dirección General'),
(3, 'Revisión de Temas');

-- --------------------------------------------------------

--
-- Estructura de tabla para la tabla `tema_minuta`
--

DROP TABLE IF EXISTS `tema_minuta`;
CREATE TABLE IF NOT EXISTS `tema_minuta` (
  `id` int(11) NOT NULL AUTO_INCREMENT,
  `titulo` varchar(255) COLLATE utf8mb4_unicode_ci NOT NULL,
  `compromiso_inicio` varchar(255) COLLATE utf8mb4_unicode_ci NOT NULL,
  `compromiso_fin` varchar(255) COLLATE utf8mb4_unicode_ci NOT NULL,
  `requerimiento` varchar(1000) COLLATE utf8mb4_unicode_ci NOT NULL,
  `linea_guia` varchar(1000) COLLATE utf8mb4_unicode_ci NOT NULL,
  `compromiso_accion` varchar(1000) COLLATE utf8mb4_unicode_ci NOT NULL,
  `compromiso` varchar(255) COLLATE utf8mb4_unicode_ci NOT NULL,
  `observacion` varchar(10000) COLLATE utf8mb4_unicode_ci NOT NULL,
  `id_estatus` varchar(255) COLLATE utf8mb4_unicode_ci NOT NULL,
  `id_reunion` varchar(255) COLLATE utf8mb4_unicode_ci NOT NULL,
  `id_categoria` varchar(255) COLLATE utf8mb4_unicode_ci NOT NULL,
  `ultimo_tema_ingresado` varchar(255) COLLATE utf8mb4_unicode_ci NOT NULL,
  `ultima_modificacion` varchar(255) COLLATE utf8mb4_unicode_ci NOT NULL,
  `padre` varchar(255) COLLATE utf8mb4_unicode_ci NOT NULL,
  `ultimo_root` varchar(255) COLLATE utf8mb4_unicode_ci NOT NULL,
  `bloque` varchar(255) COLLATE utf8mb4_unicode_ci NOT NULL,
  PRIMARY KEY (`id`)
) ENGINE=InnoDB AUTO_INCREMENT=9 DEFAULT CHARSET=utf8mb4 COLLATE=utf8mb4_unicode_ci;

-- --------------------------------------------------------

--
-- Estructura de tabla para la tabla `tema_usuario`
--

DROP TABLE IF EXISTS `tema_usuario`;
CREATE TABLE IF NOT EXISTS `tema_usuario` (
  `id` int(11) NOT NULL AUTO_INCREMENT,
  `id_tema` varchar(255) NOT NULL,
  `id_usuario` varchar(255) NOT NULL,
  PRIMARY KEY (`id`)
) ENGINE=MyISAM AUTO_INCREMENT=545 DEFAULT CHARSET=latin1;

--
-- Volcado de datos para la tabla `tema_usuario`
--

INSERT INTO `tema_usuario` (`id`, `id_tema`, `id_usuario`) VALUES
(1, '2', '20'),
(2, '3', '6'),
(3, '3', '7'),
(4, '3', '9'),
(5, '3', '10'),
(6, '3', '11'),
(7, '3', '12'),
(8, '3', '13'),
(9, '3', '20'),
(10, '4', '15'),
(11, '5', '6'),
(12, '5', '7'),
(13, '5', '9'),
(14, '5', '10'),
(15, '5', '11'),
(16, '5', '12'),
(17, '6', '21'),
(18, '7', '10'),
(19, '7', '11'),
(20, '8', '13'),
(21, '11', '20'),
(22, '13', '15'),
(23, '15', '20'),
(24, '16', '6'),
(25, '16', '9'),
(26, '16', '10'),
(27, '16', '11'),
(28, '16', '12'),
(29, '16', '13'),
(30, '16', '20'),
(31, '17', '15'),
(32, '18', '7'),
(33, '18', '9'),
(34, '18', '10'),
(35, '18', '11'),
(36, '18', '12'),
(37, '19', '21'),
(38, '20', '10'),
(39, '20', '11'),
(40, '21', '13'),
(41, '24', '20'),
(42, '25', '6'),
(43, '25', '9'),
(44, '25', '10'),
(45, '25', '11'),
(46, '25', '12'),
(47, '25', '13'),
(48, '25', '20'),
(49, '26', '21'),
(50, '27', '11'),
(51, '28', '13'),
(52, '31', '20'),
(53, '32', '6'),
(54, '32', '7'),
(55, '32', '9'),
(56, '32', '10'),
(57, '32', '11'),
(58, '32', '12'),
(59, '32', '13'),
(60, '32', '20'),
(61, '33', '15'),
(62, '34', '21'),
(63, '35', '11'),
(64, '36', '13'),
(65, '39', '20'),
(66, '40', '5'),
(67, '40', '7'),
(68, '40', '17'),
(69, '40', '19'),
(70, '40', '20'),
(71, '41', '21'),
(72, '42', '13'),
(73, '45', '20'),
(74, '46', '15'),
(75, '47', '21'),
(76, '48', '11'),
(77, '49', '13'),
(78, '52', '20'),
(79, '53', '6'),
(80, '53', '20'),
(81, '54', '21'),
(82, '55', '13'),
(83, '58', '20'),
(84, '59', '6'),
(85, '59', '20'),
(86, '60', '21'),
(87, '61', '11'),
(88, '62', '13'),
(89, '65', '20'),
(90, '66', '20'),
(91, '67', '21'),
(92, '68', '11'),
(93, '69', '13'),
(94, '72', '20'),
(95, '73', '6'),
(96, '73', '19'),
(97, '73', '20'),
(98, '74', '21'),
(99, '75', '13'),
(100, '78', '20'),
(101, '79', '6'),
(102, '79', '19'),
(103, '79', '20'),
(104, '80', '21'),
(105, '81', '13'),
(106, '84', '20'),
(107, '85', '17'),
(108, '86', '6'),
(109, '86', '20'),
(110, '87', '21'),
(111, '88', '11'),
(112, '89', '13'),
(113, '92', '20'),
(114, '93', '17'),
(115, '94', '6'),
(116, '94', '20'),
(117, '95', '21'),
(118, '96', '11'),
(119, '97', '13'),
(120, '100', '17'),
(121, '101', '6'),
(122, '101', '19'),
(123, '101', '20'),
(124, '102', '20'),
(125, '103', '21'),
(126, '104', '11'),
(127, '105', '13'),
(128, '108', '17'),
(129, '109', '6'),
(130, '109', '19'),
(131, '109', '20'),
(132, '110', '20'),
(133, '111', '8'),
(134, '111', '9'),
(135, '111', '10'),
(136, '111', '12'),
(137, '112', '21'),
(138, '113', '13'),
(139, '118', '17'),
(140, '119', '19'),
(141, '120', '20'),
(142, '121', '10'),
(143, '121', '11'),
(144, '122', '6'),
(145, '122', '20'),
(146, '123', '21'),
(147, '124', '13'),
(148, '127', '17'),
(149, '128', '6'),
(150, '128', '19'),
(151, '129', '20'),
(152, '130', '6'),
(153, '130', '20'),
(154, '131', '21'),
(155, '132', '13'),
(156, '135', '6'),
(157, '135', '19'),
(158, '136', '20'),
(159, '137', '6'),
(160, '137', '20'),
(161, '138', '21'),
(162, '139', '13'),
(163, '142', '20'),
(164, '143', '6'),
(165, '143', '20'),
(166, '144', '21'),
(167, '145', '13'),
(168, '148', '20'),
(169, '149', '6'),
(170, '149', '20'),
(171, '150', '21'),
(172, '151', '13'),
(173, '154', '20'),
(174, '155', '6'),
(175, '155', '20'),
(176, '156', '21'),
(177, '157', '13'),
(178, '159', '20'),
(179, '160', '6'),
(180, '160', '20'),
(181, '161', '21'),
(182, '162', '13'),
(183, '165', '20'),
(184, '166', '20'),
(185, '167', '21'),
(186, '168', '13'),
(187, '171', '20'),
(188, '172', '6'),
(189, '172', '20'),
(190, '173', '21'),
(191, '174', '13'),
(192, '177', '20'),
(193, '178', '6'),
(194, '178', '20'),
(195, '179', '21'),
(196, '180', '13'),
(197, '183', '20'),
(198, '184', '20'),
(199, '185', '21'),
(200, '186', '13'),
(201, '189', '20'),
(202, '190', '6'),
(203, '190', '20'),
(204, '191', '21'),
(205, '192', '13'),
(206, '195', '20'),
(207, '196', '21'),
(208, '197', '13'),
(209, '201', '20'),
(210, '202', '21'),
(211, '203', '13'),
(212, '205', '6'),
(213, '205', '7'),
(214, '206', '21'),
(215, '207', '13'),
(216, '209', '20'),
(217, '210', '6'),
(218, '210', '7'),
(219, '211', '21'),
(220, '212', '13'),
(221, '214', '6'),
(222, '214', '7'),
(223, '215', '21'),
(224, '216', '13'),
(225, '219', '6'),
(226, '219', '7'),
(227, '220', '21'),
(228, '221', '13'),
(229, '223', '6'),
(230, '223', '7'),
(231, '224', '20'),
(232, '225', '21'),
(233, '226', '13'),
(234, '229', '6'),
(235, '229', '7'),
(236, '230', '6'),
(237, '231', '21'),
(238, '232', '13'),
(239, '235', '6'),
(240, '235', '7'),
(241, '236', '7'),
(242, '237', '21'),
(243, '238', '13'),
(244, '241', '6'),
(245, '241', '7'),
(246, '242', '7'),
(247, '243', '8'),
(248, '244', '21'),
(249, '245', '13'),
(250, '246', '8'),
(251, '248', '6'),
(252, '248', '7'),
(253, '249', '7'),
(254, '250', '8'),
(255, '251', '21'),
(256, '252', '13'),
(257, '253', '8'),
(258, '256', '6'),
(259, '256', '7'),
(260, '257', '7'),
(261, '258', '6'),
(262, '258', '20'),
(263, '259', '21'),
(264, '260', '13'),
(265, '261', '8'),
(266, '263', '6'),
(267, '264', '7'),
(268, '265', '6'),
(269, '265', '20'),
(270, '266', '21'),
(271, '267', '13'),
(272, '268', '8'),
(273, '271', '6'),
(274, '271', '7'),
(275, '272', '7'),
(276, '273', '6'),
(277, '273', '20'),
(278, '274', '21'),
(279, '275', '13'),
(280, '276', '8'),
(281, '278', '6'),
(282, '278', '7'),
(283, '279', '7'),
(284, '280', '6'),
(285, '280', '20'),
(286, '281', '21'),
(287, '282', '13'),
(288, '283', '8'),
(289, '286', '6'),
(290, '286', '7'),
(291, '287', '7'),
(292, '288', '6'),
(293, '288', '20'),
(294, '289', '21'),
(295, '290', '13'),
(296, '291', '8'),
(297, '294', '6'),
(298, '294', '7'),
(299, '295', '7'),
(300, '296', '8'),
(301, '296', '20'),
(302, '297', '21'),
(303, '298', '13'),
(304, '299', '8'),
(305, '302', '6'),
(306, '302', '7'),
(307, '303', '8'),
(308, '303', '20'),
(309, '305', '6'),
(310, '305', '7'),
(311, '306', '6'),
(312, '306', '20'),
(313, '307', '7'),
(314, '308', '21'),
(315, '309', '13'),
(316, '310', '8'),
(317, '313', '6'),
(318, '313', '7'),
(319, '314', '8'),
(320, '314', '20'),
(321, '315', '7'),
(322, '316', '21'),
(323, '317', '13'),
(324, '318', '8'),
(325, '321', '6'),
(326, '321', '7'),
(327, '322', '8'),
(328, '322', '20'),
(329, '323', '20'),
(330, '324', '7'),
(331, '325', '21'),
(332, '326', '13'),
(333, '327', '8'),
(334, '330', '6'),
(335, '330', '7'),
(336, '331', '8'),
(337, '331', '20'),
(338, '332', '20'),
(339, '333', '7'),
(340, '334', '21'),
(341, '335', '13'),
(342, '336', '8'),
(343, '338', '6'),
(344, '338', '7'),
(345, '339', '6'),
(346, '339', '20'),
(347, '340', '20'),
(348, '341', '7'),
(349, '342', '21'),
(350, '343', '13'),
(351, '344', '8'),
(352, '346', '6'),
(353, '346', '20'),
(354, '347', '6'),
(355, '347', '20'),
(356, '348', '6'),
(357, '348', '7'),
(358, '349', '7'),
(359, '350', '21'),
(360, '351', '13'),
(361, '352', '8'),
(362, '354', '6'),
(363, '354', '20'),
(364, '355', '20'),
(365, '356', '6'),
(366, '356', '7'),
(367, '357', '7'),
(368, '358', '21'),
(369, '363', '6'),
(370, '363', '20'),
(371, '364', '20'),
(372, '365', '6'),
(373, '365', '7'),
(374, '366', '7'),
(375, '367', '21'),
(376, '368', '13'),
(377, '371', '15'),
(378, '371', '20'),
(379, '372', '15'),
(380, '372', '20'),
(381, '373', '20'),
(382, '374', '7'),
(383, '375', '7'),
(384, '376', '6'),
(385, '376', '7'),
(386, '377', '7'),
(387, '378', '21'),
(388, '379', '13'),
(389, '381', '15'),
(390, '381', '20'),
(391, '382', '8'),
(392, '382', '20'),
(393, '383', '20'),
(394, '384', '7'),
(395, '385', '6'),
(396, '385', '7'),
(397, '386', '7'),
(398, '387', '21'),
(399, '388', '13'),
(400, '390', '15'),
(401, '390', '20'),
(402, '391', '6'),
(403, '391', '20'),
(404, '392', '20'),
(405, '393', '6'),
(406, '393', '7'),
(407, '394', '7'),
(408, '395', '7'),
(409, '396', '21'),
(410, '397', '13'),
(411, '400', '7'),
(412, '401', '6'),
(413, '401', '7'),
(414, '402', '7'),
(415, '403', '21'),
(416, '404', '13'),
(417, '407', '6'),
(418, '407', '7'),
(419, '408', '7'),
(420, '409', '21'),
(421, '410', '13'),
(422, '412', '6'),
(423, '412', '7'),
(424, '413', '7'),
(425, '414', '21'),
(426, '415', '13'),
(427, '417', '6'),
(428, '417', '7'),
(429, '418', '7'),
(430, '419', '21'),
(431, '420', '13'),
(432, '421', '8'),
(433, '423', '6'),
(434, '423', '7'),
(435, '424', '7'),
(436, '425', '21'),
(437, '426', '13'),
(438, '427', '8'),
(439, '428', '6'),
(440, '428', '7'),
(441, '429', '7'),
(442, '430', '21'),
(443, '431', '13'),
(444, '432', '8'),
(445, '434', '6'),
(446, '434', '7'),
(447, '435', '7'),
(448, '436', '21'),
(449, '437', '13'),
(450, '438', '8'),
(451, '439', '6'),
(452, '439', '7'),
(453, '440', '21'),
(454, '441', '7'),
(455, '442', '13'),
(456, '443', '8'),
(457, '444', '6'),
(458, '444', '7'),
(459, '445', '7'),
(460, '446', '21'),
(461, '447', '13'),
(462, '449', '6'),
(463, '449', '7'),
(464, '450', '7'),
(465, '451', '21'),
(466, '452', '13'),
(467, '453', '8'),
(468, '455', '6'),
(469, '455', '7'),
(470, '456', '7'),
(471, '457', '21'),
(472, '458', '13'),
(473, '459', '8'),
(474, '462', '6'),
(475, '462', '7'),
(476, '463', '7'),
(477, '464', '21'),
(478, '465', '13'),
(479, '466', '8'),
(480, '468', '6'),
(481, '468', '7'),
(482, '469', '7'),
(483, '470', '21'),
(484, '471', '13'),
(485, '472', '8'),
(486, '473', '6'),
(487, '473', '7'),
(488, '474', '7'),
(489, '475', '21'),
(490, '476', '13'),
(491, '477', '8'),
(492, '479', '6'),
(493, '479', '7'),
(494, '480', '7'),
(495, '481', '21'),
(496, '482', '13'),
(497, '483', '8'),
(498, '486', '6'),
(499, '486', '7'),
(500, '487', '7'),
(501, '488', '21'),
(502, '489', '13'),
(503, '490', '8'),
(504, '492', '6'),
(505, '492', '7'),
(506, '493', '7'),
(507, '494', '21'),
(508, '495', '13'),
(509, '496', '8'),
(510, '498', '6'),
(511, '498', '7'),
(512, '499', '7'),
(513, '500', '21'),
(514, '501', '13'),
(515, '502', '8'),
(516, '504', '6'),
(517, '505', '7'),
(518, '506', '21'),
(519, '507', '13'),
(520, '508', '8'),
(521, '509', '6'),
(522, '509', '7'),
(523, '510', '7'),
(524, '511', '21'),
(525, '512', '13'),
(526, '513', '8'),
(527, '514', '6'),
(528, '514', '7'),
(529, '515', '7'),
(530, '516', '21'),
(531, '517', '13'),
(532, '518', '8'),
(533, '519', '6'),
(534, '519', '7'),
(535, '520', '7'),
(536, '521', '21'),
(537, '522', '13'),
(538, '523', '8'),
(539, '525', '6'),
(540, '525', '7'),
(541, '526', '7'),
(542, '527', '21'),
(543, '528', '13'),
(544, '529', '8');

-- --------------------------------------------------------

--
-- Estructura de tabla para la tabla `usuario`
--

DROP TABLE IF EXISTS `usuario`;
CREATE TABLE IF NOT EXISTS `usuario` (
  `id` int(11) NOT NULL AUTO_INCREMENT,
  `user` varchar(255) COLLATE utf8_unicode_ci NOT NULL,
  `email` varchar(255) COLLATE utf8_unicode_ci NOT NULL,
  `password` varchar(255) COLLATE utf8_unicode_ci NOT NULL,
  `rol` varchar(255) COLLATE utf8_unicode_ci NOT NULL,
  `nombre` varchar(255) COLLATE utf8_unicode_ci NOT NULL,
  `apellido` varchar(255) COLLATE utf8_unicode_ci NOT NULL,
  `area` varchar(255) COLLATE utf8_unicode_ci NOT NULL,
  `iniciales` varchar(255) COLLATE utf8_unicode_ci NOT NULL,
  `estatus` varchar(255) COLLATE utf8_unicode_ci NOT NULL,
  PRIMARY KEY (`id`)
) ENGINE=InnoDB AUTO_INCREMENT=36 DEFAULT CHARSET=utf8 COLLATE=utf8_unicode_ci;

--
-- Volcado de datos para la tabla `usuario`
--

INSERT INTO `usuario` (`id`, `user`, `email`, `password`, `rol`, `nombre`, `apellido`, `area`, `iniciales`, `estatus`) VALUES
(1, 'walter', 'walter.torres@prodemex.com', '$2y$13$Mibo.quDLP.OzZ59cFjViuoF2pyUfkPRjA8NChqeSdM9UB9dt3MUK', 'a:1:{i:0;s:16:\"ROLE_SUPER_ADMIN\";}', 'Walter', 'Torres', 'Developer', 'WTS', ''),
(2, 'aboullosa@prodemex.com', 'aboullosa@prodemex.com', '$2y$13$QanaruufL.ryYSoui1H2NuzOmCEnr2lHD3FNTY0BV5jxLjNT4r4PS', 'a:1:{i:0;s:14:\"ROLE_DIRECTIVE\";}', 'Antonio', 'Boullosa Madrazo', 'Presidente de Grupo PRODEMEX', 'ABM', ''),
(3, 'abv@prodemex.com', 'abv@prodemex.com', '$2y$13$QanaruufL.ryYSoui1H2NuzOmCEnr2lHD3FNTY0BV5jxLjNT4r4PS', 'a:1:{i:0;s:14:\"ROLE_DIRECTIVE\";}', 'Antonio', 'Boullosa Vázquez', 'Director del CEC', 'ABV', ''),
(4, 'alejandro.ramirez@prodemex.com', 'alejandro.ramirez@prodemex.com', '$2y$13$QanaruufL.ryYSoui1H2NuzOmCEnr2lHD3FNTY0BV5jxLjNT4r4PS', 'a:1:{i:0;s:14:\"ROLE_DIRECTIVE\";}', 'Alejandro', 'Ramírez', 'Director General de PRODEMEX Construcciones', 'AR', ''),
(5, 'jmontes@prodemex.com', 'jmontes@prodemex.com', '$2y$13$JYXtwqEkqhrbbQdNtVKeMOfPHImvIAYtEna8LtzYSXy7heBud5NLG', 'a:1:{i:0;s:14:\"ROLE_DIRECTIVE\";}', 'Jesús María', 'Montes', 'Director del O.I.C. / Procura', 'JM', ''),
(6, 'jreyes@prodemex.com', 'jreyes@prodemex.com', '$2y$13$.Dmw3B3ifQQWG0geya9SYe2j6JdTZ9ifZUqqgPysIS1vXs8U97gS6', 'a:1:{i:0;s:14:\"ROLE_DIRECTIVE\";}', 'José Arturo', 'Reyes', 'Director de Administración y Finanzas', 'JAR', ''),
(7, 'guillermo.barbosa@prodemex.com', 'guillermo.barbosa@prodemex.com', '$2y$13$jqLubyNk1hoUEt673.BSYuc5Hmx.JmHRQ6KOAFjq/FHw2tWAO3MK.', 'a:1:{i:0;s:14:\"ROLE_DIRECTIVE\";}', 'Guillermo', 'Barbosa', 'Director de Administración y Finanzas', 'GB', ''),
(8, 'emmanuel.riano@prodemex.com', 'emmanuel.riano@prodemex.com', '$2y$13$Gj.X3J1PkknvU/FWd7bcmOOQcjE36hB3SVmqeCijSA52o89HBg5/W', 'a:1:{i:0;s:14:\"ROLE_DIRECTIVE\";}', 'Emmanuel', 'Riaño', 'Director Corporativo de Recursos Humanos', 'ER', ''),
(9, 'aserrano@prodemex.com', 'aserrano@prodemex.com', '$2y$13$A8AmG/AQsGtOwLICFiVbBOMzw8enNNyDjMPJfGsVT0fTZOnzOqGSi', 'a:1:{i:0;s:14:\"ROLE_DIRECTIVE\";}', 'Armando', 'Serrano', 'Director de Construcción', 'AS', ''),
(10, 'jahumada@prodemex.com', 'jahumada@prodemex.com', '$2y$13$yennFhl0fv/JrU09AY/7su7I82SBhqL43il44wfvcZkii1ZXGOIzK', 'a:1:{i:0;s:14:\"ROLE_DIRECTIVE\";}', 'Jorge', 'Ahumada', 'Director de Construcción', 'JA', ''),
(11, 'jdelmoral@prodemex.com', 'jdelmoral@prodemex.com', '$2y$13$in.eLP.YopmWFgbo22UKpeyRyVGXD3j5adHVh4kDICA7gBRJ2wHcS', 'a:1:{i:0;s:14:\"ROLE_DIRECTIVE\";}', 'Juan José', 'del Moral', 'Director de Construcción', 'JJM', ''),
(12, 'molivera@prodemex.com', 'molivera@prodemex.com', '$2y$13$vRobWplk94/VkwPixSE77O.YDXmiCeqJu.SaskG3akZEHOPb3GUgC', 'a:1:{i:0;s:14:\"ROLE_DIRECTIVE\";}', 'Mario', 'Olivera', 'Director de Construcción', 'MO', ''),
(13, 'monica.popoca@prodemex.com', 'monica.popoca@prodemex.com', '$2y$13$0IeUjwdbGk45a9ILiV.G2uOBKPfGMYVDSIFicfv79HE8sd/MpSbMG', 'a:1:{i:0;s:14:\"ROLE_DIRECTIVE\";}', 'Mónica', 'Popoca', 'Director de Control de Proyectos', 'MP', ''),
(14, 'antonio.morales@energiasprodisa.com.mx', 'antonio.morales@energiasprodisa.com.mx', '$2y$13$nAQPdd2PhrxIJj3hJt2MnuVrmRXmbawid9t1/0ZzW2TqaO2n1KNM2', 'a:1:{i:0;s:14:\"ROLE_DIRECTIVE\";}', 'Antonio', 'Morales', 'Director de Operaciones Manrent-Deterra', 'AM', ''),
(15, 'erick.tiscareno@prodemex.com', 'erick.tiscareno@prodemex.com', '$2y$13$h8kvzOXoGlA1niYsxtYAZeDMl5kPWcHAps2KcbkcTT0pkYmp7espS', 'a:1:{i:0;s:14:\"ROLE_DIRECTIVE\";}', 'Erick', 'Tiscareño', 'Director Jurídico', 'ET', ''),
(16, 'rsaucedo@prodemex.com', 'rsaucedo@prodemex.com', '$2y$13$YLOUPpIUzZuOb98KFpJ0sOvGIcjdaGMkU5zUwM2cyWlEvXsvIJtQ.', 'a:1:{i:0;s:14:\"ROLE_DIRECTIVE\";}', 'Rocío', 'Saucedo', 'Director de Tesorería', 'RS', ''),
(17, 'dgarcia@prodemex.com', 'dgarcia@prodemex.com', '$2y$13$GAxgRvE1ErdQzw/AdHevPOrvul7eoTtZy6Gp/txUO2JTFvzPVFXTO', 'a:1:{i:0;s:14:\"ROLE_DIRECTIVE\";}', 'David', 'García', 'Subdirector de Auditoría Técnica', 'DG', ''),
(18, 'ltakenaga@prodemex.com', 'ltakenaga@prodemex.com', '$2y$13$1/4XHvlk24cKNmOJIJJNo.EfqAM2YpFZb6JLQFNtFFQ8dw0IiPsm6', 'a:1:{i:0;s:14:\"ROLE_DIRECTIVE\";}', 'Luis', 'Takenaga', 'Subdirector de TI', 'LT', ''),
(19, 'mfong@prodemex.com', 'mfong@prodemex.com', '$2y$13$IEE5I9Vs4cPHIEsalVTEFOcZq1wiI0H9tFb9rhG5r73sgTUFAuBNu', 'a:1:{i:0;s:14:\"ROLE_DIRECTIVE\";}', 'Marcos', 'Fong', 'Gerente de Procuración', 'MF', ''),
(20, 'atvillarreal@prodemex.com', 'atvillarreall@prodemex.com', '$2y$13$RwI2uwcTW3KXvOEGSHyH8eutjED28ri2XOMst2P24xX8EYG8bgYVm', 'a:1:{i:0;s:14:\"ROLE_DIRECTIVE\";}', 'Antonio', 'Villarreal', 'Gerente de Subcontratos', 'AV', ''),
(21, 'luis.verde@prodemex.com', 'luis.verde@prodemex.com', '$2y$13$7hGZ.mZg1zXjkVKHeOutBe8km2TNZgCawGkuXXVSp1WOJ./MaCU5O', 'a:1:{i:0;s:14:\"ROLE_DIRECTIVE\";}', 'José Luis', 'Hernández', 'Gerente de Ofertas y Licitaciones', 'JH', ''),
(22, 'oscar.olvera@prodemex.com', 'oscar.olvera@prodemex.com', '$2y$13$IzWJeqGW0HiEzGwcjpy9l.6QVORZFW3jOoySha3OsmhJo3TYwfI5q', 'a:1:{i:0;s:14:\"ROLE_DIRECTIVE\";}', 'Oscar', 'Olvera', 'Gerente de Manejo de Contrato', 'OO', ''),
(23, 'david.vera@prodemex.com', 'david.vera@prodemex.com', '$2y$13$ghtFe7c28hc8H9XIDFV84.h2hlsR3RgkZkFlwrOGnwO.qoLHnyJ9e', 'a:1:{i:0;s:14:\"ROLE_DIRECTIVE\";}', 'David', 'Vera', 'Gerente del CEC / SGI', 'DV', ''),
(24, 'roberto.miranda@prodemex.com', 'roberto.miranda@prodemex.com', '$2y$10$plNf7.8r59KE3AsmByOSTuR2OJgS28zt8P1oRagRKeptJEr5Gls5i', 'a:2:{i:0;s:14:\"ROLE_DIRECTIVE\";i:1;s:12:\"ROLE_CHECKER\";}', 'Roberto', 'Miranda', 'Coordinador CEC / OPEX', 'RM', ''),
(25, 'angel.boullosa@prodemex.com', 'angel.boullosa@prodemex.com', '$2y$13$57SGdYL5jACq5NmRfxy1B.0FfuqL3u1wBWF.h5RYOKX1GUGijgxWq', 'a:1:{i:0;s:14:\"ROLE_DIRECTIVE\";}', 'Ángel', 'Boullosa Rodríguez', 'Jurídico', 'ABR', ''),
(26, 'opex', 'procesos@tutum.com.mx', '$2y$13$3Awkqkt.N5i6W7idWlwoG.NcxBW/uooNWh68Hk8ZkBc4GdTwxMIf.', 'a:1:{i:0;s:11:\"ROLE_FEEDER\";}', 'Centro de Estrategia', 'y Calidad', 'CEC/OPEX', 'ER', ''),
(27, 'jose.garcia@prodemex.com', 'jose.garcia@prodemex.com', '$2y$13$Mibo.quDLP.OzZ59cFjViuoF2pyUfkPRjA8NChqeSdM9UB9dt3MUK', 'a:1:{i:0;s:14:\"ROLE_DIRECTIVE\";}', 'José', 'García', 'Gerente de Construcción HA', 'JG', ''),
(29, 'cec@prodemex.com', 'cec@prodemex.com', '$2y$13$poCLsoUbTPmwBTUAWaT.Y.T15c/VSCfQiTVUZWq3D0z.LKT1hGBle', 'a:2:{i:0;s:14:\"ROLE_DIRECTIVE\";i:1;s:12:\"ROLE_CHECKER\";}', 'Krystel', 'Sandoval', 'CEC / OPEX', 'KS', ''),
(30, 'manuel.boullosa@prodemex.com', 'manuel.boullosa@prodemex.com', '$2y$13$KG9jJNX2xDLxli5LbzsdtOMlFNhkJgqisr3HhkDJBt8FQnzeZhJve', 'a:1:{i:0;s:14:\"ROLE_DIRECTIVE\";}', 'Manuel', 'Boullosa Vázquez', 'Concesiones e Infraestructura', 'MB', ''),
(31, 'argimiro.ovalle@prodemex.com', 'argimiro.ovalle@prodemex.com', '$2y$13$LeqXF.CrCUamM0Dg9bMo4OawfH8aM0T9BxNm2OajYZNvDSiPcRcZ6', 'a:1:{i:0;s:14:\"ROLE_DIRECTIVE\";}', 'Argimiro', 'Ovalle', 'Director de Construcción', 'AO', ''),
(32, 'Heisenberg', 'breakingbad@fox.com', 'azul100', 'Admin', 'Walter', 'White', 'FS', 'WW', 'activo'),
(33, 'Heisenberg', 'breakingbad@fox.com', 'azul100', 'Admin', 'Walter', 'White', 'FS', 'WW', 'activo'),
(34, 'Heisenberg', 'breakingbad@fox.com', 'azul100', 'Admin', 'Walter', 'White', 'FS', 'WW', 'activo'),
(35, 'Heisenberg', 'breakingbad@fox.com', 'azul100', 'Admin', 'Walter', 'White', 'FS', 'WW', 'activo');
COMMIT;

/*!40101 SET CHARACTER_SET_CLIENT=@OLD_CHARACTER_SET_CLIENT */;
/*!40101 SET CHARACTER_SET_RESULTS=@OLD_CHARACTER_SET_RESULTS */;
/*!40101 SET COLLATION_CONNECTION=@OLD_COLLATION_CONNECTION */;
